popul,TVnews,selfLR,ClinLR,DoleLR,PID,age,educ,income,vote,logpopul
0.0,7.0,7.0,1.0,6.0,6.0,36.0,3.0,1.0,1.0,-2.3025850929940455
190.0,1.0,3.0,3.0,5.0,1.0,20.0,4.0,1.0,0.0,5.247550249494384
31.0,7.0,2.0,2.0,6.0,1.0,24.0,6.0,1.0,0.0,3.4372078191851885
83.0,4.0,3.0,4.0,5.0,1.0,28.0,6.0,1.0,0.0,4.420044701861403
640.0,7.0,5.0,6.0,4.0,0.0,68.0,6.0,1.0,0.0,6.461624414147958
110.0,3.0,3.0,4.0,6.0,1.0,21.0,4.0,1.0,0.0,4.701389043728634
100.0,7.0,5.0,6.0,4.0,1.0,77.0,4.0,1.0,0.0,4.6061696863211745
31.0,1.0,5.0,4.0,5.0,4.0,21.0,4.0,1.0,0.0,3.4372078191851885
180.0,7.0,4.0,6.0,3.0,3.0,31.0,4.0,1.0,0.0,5.19351225218191
2800.0,0.0,3.0,3.0,7.0,0.0,39.0,3.0,1.0,0.0,7.937410409811269
1600.0,0.0,3.0,2.0,4.0,4.0,26.0,2.0,1.0,0.0,7.377821406274829
330.0,5.0,4.0,3.0,6.0,1.0,31.0,4.0,1.0,0.0,5.799395638859147
190.0,2.0,5.0,4.0,6.0,5.0,22.0,4.0,1.0,1.0,5.247550249494384
100.0,7.0,4.0,4.0,6.0,0.0,42.0,5.0,1.0,0.0,4.6061696863211745
1000.0,7.0,5.0,7.0,4.0,0.0,74.0,1.0,1.0,0.0,6.90785527398247
0.0,7.0,6.0,7.0,5.0,0.0,62.0,3.0,1.0,0.0,-2.3025850929940455
130.0,7.0,4.0,4.0,5.0,1.0,58.0,3.0,1.0,0.0,4.86830338551846
5.0,5.0,3.0,3.0,6.0,1.0,24.0,6.0,1.0,0.0,1.62924053973028
33.0,7.0,6.0,2.0,6.0,5.0,51.0,4.0,1.0,1.0,3.4995332823830174
19.0,2.0,2.0,1.0,4.0,0.0,36.0,3.0,2.0,0.0,2.9496883350525844
74.0,7.0,4.0,4.0,7.0,2.0,88.0,2.0,2.0,0.0,4.3054155323020415
190.0,0.0,2.0,4.0,6.0,2.0,20.0,4.0,2.0,0.0,5.247550249494384
12.0,3.0,4.0,6.0,3.0,2.0,27.0,3.0,2.0,0.0,2.4932054526026954
0.0,7.0,6.0,1.0,6.0,6.0,44.0,4.0,2.0,1.0,-2.3025850929940455
19.0,0.0,4.0,2.0,2.0,1.0,45.0,3.0,2.0,0.0,2.9496883350525844
0.0,2.0,4.0,3.0,6.0,1.0,21.0,4.0,2.0,0.0,-2.3025850929940455
390.0,5.0,3.0,4.0,7.0,1.0,40.0,5.0,2.0,0.0,5.966403116512611
40.0,7.0,4.0,3.0,4.0,0.0,40.0,6.0,2.0,0.0,3.6913763343125234
3.0,3.0,5.0,5.0,4.0,1.0,48.0,3.0,2.0,0.0,1.1314021114911006
450.0,3.0,4.0,7.0,1.0,0.0,34.0,3.0,2.0,0.0,6.109469780298887
350.0,0.0,3.0,4.0,7.0,2.0,26.0,2.0,2.0,0.0,5.85821882796062
64.0,3.0,4.0,4.0,2.0,1.0,60.0,2.0,3.0,0.0,4.160444363926624
3.0,0.0,4.0,4.0,3.0,0.0,32.0,3.0,3.0,0.0,1.1314021114911006
0.0,1.0,4.0,3.0,7.0,1.0,31.0,3.0,3.0,0.0,-2.3025850929940455
640.0,7.0,7.0,5.0,7.0,4.0,33.0,3.0,3.0,1.0,6.461624414147958
0.0,7.0,3.0,4.0,6.0,0.0,57.0,3.0,3.0,0.0,-2.3025850929940455
12.0,7.0,4.0,3.0,6.0,1.0,84.0,3.0,3.0,0.0,2.4932054526026954
62.0,6.0,7.0,2.0,7.0,5.0,75.0,3.0,3.0,1.0,4.128745988939433
31.0,2.0,7.0,2.0,6.0,6.0,19.0,4.0,3.0,1.0,3.4372078191851885
0.0,1.0,3.0,2.0,6.0,1.0,47.0,6.0,3.0,0.0,-2.3025850929940455
180.0,6.0,5.0,5.0,5.0,0.0,51.0,2.0,3.0,0.0,5.19351225218191
640.0,3.0,6.0,4.0,4.0,5.0,40.0,3.0,3.0,0.0,6.461624414147958
110.0,0.0,2.0,3.0,6.0,1.0,22.0,6.0,3.0,0.0,4.701389043728634
100.0,1.0,7.0,7.0,5.0,6.0,35.0,2.0,3.0,0.0,4.6061696863211745
100.0,7.0,4.0,4.0,7.0,2.0,43.0,5.0,3.0,0.0,4.6061696863211745
11.0,3.0,6.0,6.0,3.0,2.0,76.0,6.0,3.0,0.0,2.4069451083182885
0.0,7.0,4.0,3.0,1.0,6.0,45.0,3.0,3.0,1.0,-2.3025850929940455
4.0,7.0,4.0,6.0,6.0,0.0,88.0,2.0,3.0,0.0,1.410986973710262
35.0,6.0,4.0,4.0,2.0,1.0,46.0,3.0,4.0,0.0,3.55820113047182
0.0,1.0,3.0,4.0,5.0,2.0,22.0,6.0,4.0,0.0,-2.3025850929940455
0.0,7.0,5.0,1.0,6.0,5.0,68.0,3.0,4.0,1.0,-2.3025850929940455
0.0,2.0,5.0,2.0,6.0,5.0,38.0,3.0,4.0,1.0,-2.3025850929940455
33.0,7.0,4.0,3.0,6.0,3.0,69.0,2.0,4.0,0.0,3.4995332823830174
270.0,2.0,5.0,4.0,3.0,0.0,67.0,3.0,4.0,0.0,5.59879226079857
45.0,7.0,2.0,4.0,6.0,0.0,88.0,4.0,4.0,0.0,3.8088822465086327
40.0,3.0,6.0,2.0,5.0,5.0,68.0,3.0,4.0,1.0,3.6913763343125234
6.0,1.0,5.0,2.0,4.0,2.0,76.0,3.0,4.0,1.0,1.8082887711792655
2.0,7.0,4.0,4.0,6.0,0.0,72.0,2.0,4.0,0.0,0.7419373447293773
0.0,0.0,6.0,2.0,6.0,6.0,37.0,6.0,4.0,1.0,-2.3025850929940455
35.0,3.0,4.0,2.0,6.0,0.0,69.0,3.0,4.0,0.0,3.55820113047182
83.0,0.0,2.0,4.0,6.0,0.0,33.0,6.0,4.0,0.0,4.420044701861403
3500.0,7.0,2.0,2.0,6.0,0.0,34.0,4.0,4.0,0.0,8.16054681849792
100.0,2.0,4.0,4.0,7.0,2.0,30.0,3.0,4.0,0.0,4.6061696863211745
350.0,2.0,3.0,3.0,6.0,1.0,19.0,3.0,4.0,0.0,5.85821882796062
100.0,3.0,4.0,6.0,2.0,0.0,44.0,3.0,4.0,0.0,4.6061696863211745
67.0,1.0,4.0,4.0,7.0,1.0,64.0,3.0,4.0,0.0,4.206184043977636
30.0,5.0,7.0,7.0,2.0,0.0,37.0,4.0,4.0,0.0,3.40452517175483
0.0,7.0,6.0,3.0,5.0,4.0,31.0,5.0,5.0,1.0,-2.3025850929940455
0.0,0.0,6.0,1.0,5.0,4.0,88.0,4.0,5.0,1.0,-2.3025850929940455
6.0,7.0,6.0,2.0,6.0,6.0,77.0,4.0,5.0,1.0,1.8082887711792655
350.0,1.0,4.0,5.0,6.0,5.0,30.0,6.0,5.0,0.0,5.85821882796062
400.0,1.0,2.0,3.0,7.0,1.0,32.0,4.0,5.0,0.0,5.9917145158631895
15.0,7.0,6.0,2.0,6.0,6.0,59.0,1.0,5.0,1.0,2.714694743820879
0.0,0.0,4.0,4.0,4.0,3.0,47.0,4.0,5.0,0.0,-2.3025850929940455
3.0,2.0,4.0,6.0,5.0,1.0,22.0,3.0,5.0,0.0,1.1314021114911006
22.0,5.0,4.0,2.0,6.0,2.0,55.0,3.0,5.0,0.0,3.095577608523707
64.0,2.0,2.0,1.0,3.0,0.0,24.0,2.0,5.0,0.0,4.160444363926624
32.0,5.0,3.0,7.0,4.0,1.0,65.0,1.0,5.0,0.0,3.4688560301359703
390.0,7.0,3.0,6.0,2.0,2.0,24.0,3.0,5.0,0.0,5.966403116512611
0.0,7.0,3.0,4.0,5.0,3.0,30.0,3.0,5.0,0.0,-2.3025850929940455
0.0,7.0,4.0,5.0,2.0,3.0,73.0,3.0,5.0,0.0,-2.3025850929940455
59.0,5.0,3.0,3.0,5.0,1.0,73.0,5.0,5.0,0.0,4.079230924412053
0.0,6.0,4.0,3.0,6.0,2.0,91.0,1.0,5.0,0.0,-2.3025850929940455
35.0,7.0,3.0,2.0,5.0,0.0,71.0,2.0,5.0,0.0,3.55820113047182
0.0,2.0,6.0,4.0,5.0,4.0,34.0,4.0,5.0,1.0,-2.3025850929940455
170.0,7.0,4.0,3.0,2.0,0.0,48.0,2.0,6.0,0.0,5.136386499401816
12.0,1.0,6.0,2.0,6.0,5.0,42.0,4.0,6.0,1.0,2.4932054526026954
40.0,4.0,6.0,5.0,4.0,0.0,72.0,2.0,6.0,0.0,3.6913763343125234
31.0,2.0,3.0,4.0,6.0,6.0,20.0,4.0,6.0,1.0,3.4372078191851885
31.0,7.0,2.0,2.0,7.0,0.0,22.0,4.0,6.0,0.0,3.4372078191851885
1600.0,1.0,3.0,3.0,6.0,1.0,24.0,6.0,6.0,0.0,7.377821406274829
1.0,1.0,4.0,2.0,7.0,2.0,39.0,6.0,6.0,0.0,0.09531017980432493
4.0,7.0,6.0,1.0,6.0,6.0,83.0,5.0,6.0,1.0,1.410986973710262
190.0,0.0,6.0,2.0,6.0,6.0,39.0,3.0,6.0,1.0,5.247550249494384
53.0,3.0,5.0,3.0,6.0,1.0,33.0,5.0,6.0,0.0,3.9721769282478934
31.0,7.0,4.0,3.0,6.0,1.0,53.0,3.0,6.0,1.0,3.4372078191851885
16.0,7.0,5.0,3.0,6.0,5.0,82.0,3.0,6.0,1.0,2.7788192719904172
33.0,5.0,4.0,3.0,5.0,6.0,82.0,3.0,6.0,1.0,3.4995332823830174
0.0,3.0,5.0,3.0,6.0,5.0,47.0,6.0,7.0,1.0,-2.3025850929940455
0.0,3.0,4.0,2.0,7.0,4.0,68.0,3.0,7.0,0.0,-2.3025850929940455
0.0,7.0,4.0,3.0,5.0,0.0,84.0,6.0,7.0,0.0,-2.3025850929940455
27.0,2.0,6.0,1.0,6.0,5.0,35.0,5.0,7.0,1.0,3.299533727885655
84.0,7.0,4.0,5.0,6.0,1.0,67.0,2.0,7.0,0.0,4.432006566978902
22.0,3.0,5.0,3.0,5.0,4.0,33.0,2.0,7.0,1.0,3.095577608523707
0.0,3.0,3.0,3.0,5.0,0.0,49.0,7.0,7.0,0.0,-2.3025850929940455
3500.0,0.0,4.0,3.0,7.0,0.0,91.0,1.0,7.0,0.0,8.16054681849792
390.0,7.0,4.0,5.0,3.0,1.0,43.0,3.0,7.0,0.0,5.966403116512611
0.0,7.0,4.0,3.0,2.0,6.0,65.0,4.0,7.0,0.0,-2.3025850929940455
16.0,7.0,5.0,6.0,3.0,0.0,69.0,3.0,7.0,0.0,2.7788192719904172
200.0,0.0,5.0,5.0,4.0,1.0,56.0,4.0,8.0,0.0,5.2988172415896875
640.0,0.0,2.0,3.0,5.0,0.0,24.0,6.0,8.0,0.0,6.461624414147958
0.0,7.0,4.0,4.0,5.0,0.0,77.0,3.0,8.0,0.0,-2.3025850929940455
45.0,7.0,6.0,3.0,7.0,0.0,74.0,3.0,8.0,0.0,3.8088822465086327
12.0,0.0,7.0,3.0,6.0,6.0,25.0,6.0,8.0,1.0,2.4932054526026954
20.0,7.0,6.0,2.0,5.0,4.0,85.0,1.0,8.0,1.0,3.0007198150650303
7300.0,5.0,7.0,7.0,6.0,3.0,21.0,2.0,8.0,0.0,8.895643325672793
64.0,7.0,6.0,3.0,1.0,0.0,24.0,4.0,8.0,0.0,4.160444363926624
13.0,7.0,5.0,4.0,7.0,4.0,73.0,4.0,8.0,0.0,2.5726122302071057
190.0,0.0,4.0,5.0,3.0,2.0,37.0,3.0,8.0,0.0,5.247550249494384
9.0,4.0,4.0,5.0,1.0,2.0,35.0,4.0,8.0,0.0,2.2082744135228043
0.0,7.0,4.0,4.0,7.0,0.0,47.0,3.0,8.0,0.0,-2.3025850929940455
170.0,2.0,4.0,2.0,6.0,6.0,21.0,3.0,8.0,1.0,5.136386499401816
640.0,7.0,3.0,6.0,4.0,0.0,55.0,5.0,8.0,0.0,6.461624414147958
9.0,4.0,6.0,3.0,6.0,6.0,30.0,6.0,8.0,1.0,2.2082744135228043
0.0,4.0,5.0,3.0,6.0,4.0,76.0,7.0,8.0,1.0,-2.3025850929940455
7300.0,5.0,3.0,4.0,3.0,3.0,36.0,4.0,8.0,0.0,8.895643325672793
2800.0,0.0,1.0,1.0,7.0,0.0,38.0,3.0,9.0,0.0,7.937410409811269
0.0,7.0,2.0,3.0,5.0,0.0,67.0,3.0,9.0,0.0,-2.3025850929940455
30.0,7.0,7.0,3.0,7.0,6.0,70.0,2.0,9.0,1.0,3.40452517175483
44.0,7.0,5.0,3.0,7.0,2.0,78.0,4.0,9.0,0.0,3.7864597824528
7300.0,1.0,2.0,2.0,7.0,3.0,27.0,6.0,9.0,0.0,8.895643325672793
330.0,4.0,3.0,5.0,6.0,1.0,51.0,4.0,9.0,0.0,5.799395638859147
3.0,0.0,6.0,7.0,3.0,5.0,33.0,4.0,9.0,0.0,1.1314021114911006
51.0,2.0,6.0,1.0,5.0,6.0,80.0,6.0,9.0,1.0,3.933784497209659
29.0,5.0,4.0,1.0,6.0,1.0,79.0,1.0,9.0,0.0,3.370738174177447
630.0,2.0,6.0,4.0,5.0,4.0,66.0,1.0,9.0,1.0,6.44587853694801
170.0,0.0,4.0,1.0,6.0,0.0,32.0,3.0,10.0,0.0,5.136386499401816
33.0,7.0,4.0,5.0,7.0,0.0,70.0,2.0,10.0,0.0,3.4995332823830174
0.0,3.0,2.0,3.0,6.0,3.0,42.0,3.0,10.0,0.0,-2.3025850929940455
9.0,5.0,5.0,4.0,5.0,5.0,73.0,4.0,10.0,1.0,2.2082744135228043
22.0,4.0,4.0,4.0,6.0,0.0,87.0,2.0,10.0,0.0,3.095577608523707
100.0,0.0,7.0,5.0,1.0,1.0,30.0,5.0,10.0,0.0,4.6061696863211745
2.0,2.0,4.0,4.0,5.0,3.0,52.0,3.0,10.0,0.0,0.7419373447293773
0.0,6.0,5.0,3.0,6.0,1.0,62.0,4.0,10.0,0.0,-2.3025850929940455
50.0,7.0,6.0,3.0,4.0,0.0,67.0,3.0,10.0,0.0,3.914021008090819
15.0,4.0,6.0,3.0,4.0,4.0,37.0,6.0,10.0,0.0,2.714694743820879
3.0,4.0,3.0,5.0,7.0,0.0,37.0,4.0,10.0,0.0,1.1314021114911006
720.0,5.0,1.0,5.0,6.0,1.0,64.0,6.0,10.0,0.0,6.5793900912548215
640.0,7.0,1.0,1.0,5.0,0.0,34.0,3.0,10.0,0.0,6.461624414147958
5.0,7.0,4.0,4.0,7.0,0.0,70.0,3.0,10.0,0.0,1.62924053973028
24.0,2.0,6.0,2.0,6.0,6.0,31.0,5.0,10.0,1.0,3.1822118404966093
22.0,7.0,2.0,2.0,6.0,0.0,29.0,6.0,11.0,0.0,3.095577608523707
55.0,7.0,4.0,5.0,4.0,1.0,71.0,2.0,11.0,0.0,4.009149716158869
0.0,2.0,4.0,4.0,4.0,0.0,67.0,1.0,11.0,0.0,-2.3025850929940455
1600.0,5.0,4.0,4.0,6.0,0.0,41.0,7.0,11.0,0.0,7.377821406274829
170.0,6.0,1.0,2.0,6.0,0.0,49.0,6.0,11.0,0.0,5.136386499401816
1000.0,7.0,4.0,4.0,5.0,0.0,42.0,5.0,11.0,0.0,6.90785527398247
63.0,0.0,6.0,3.0,2.0,0.0,78.0,2.0,11.0,0.0,4.144720769547168
110.0,0.0,4.0,1.0,6.0,1.0,24.0,3.0,11.0,0.0,4.701389043728634
16.0,7.0,4.0,6.0,6.0,1.0,29.0,3.0,11.0,0.0,2.7788192719904172
100.0,3.0,4.0,2.0,6.0,5.0,39.0,5.0,11.0,1.0,4.6061696863211745
7300.0,3.0,5.0,3.0,6.0,1.0,19.0,4.0,11.0,0.0,8.895643325672793
22.0,2.0,4.0,2.0,7.0,1.0,32.0,5.0,11.0,0.0,3.095577608523707
71.0,3.0,4.0,2.0,6.0,5.0,69.0,3.0,11.0,1.0,4.264087336809195
900.0,4.0,5.0,2.0,5.0,5.0,83.0,3.0,11.0,1.0,6.802505868263039
35.0,7.0,4.0,1.0,5.0,4.0,76.0,2.0,11.0,1.0,3.55820113047182
2.0,7.0,7.0,1.0,2.0,0.0,62.0,2.0,11.0,0.0,0.7419373447293773
83.0,2.0,3.0,3.0,6.0,0.0,47.0,7.0,11.0,0.0,4.420044701861403
370.0,5.0,6.0,7.0,4.0,0.0,35.0,3.0,11.0,0.0,5.9137732393921105
12.0,0.0,4.0,5.0,3.0,4.0,23.0,3.0,11.0,0.0,2.4932054526026954
370.0,7.0,4.0,4.0,1.0,1.0,79.0,4.0,11.0,0.0,5.9137732393921105
100.0,7.0,6.0,2.0,6.0,5.0,64.0,5.0,11.0,1.0,4.6061696863211745
470.0,7.0,6.0,2.0,4.0,5.0,70.0,4.0,11.0,1.0,6.152945438030085
22.0,7.0,6.0,1.0,6.0,6.0,87.0,5.0,11.0,1.0,3.095577608523707
2800.0,0.0,3.0,6.0,1.0,0.0,28.0,2.0,12.0,0.0,7.937410409811269
47.0,5.0,3.0,5.0,7.0,1.0,58.0,3.0,12.0,0.0,3.8522730010223722
900.0,5.0,4.0,4.0,6.0,1.0,85.0,2.0,12.0,0.0,6.802505868263039
330.0,7.0,3.0,6.0,4.0,0.0,62.0,3.0,12.0,0.0,5.799395638859147
84.0,0.0,3.0,2.0,7.0,1.0,26.0,6.0,12.0,0.0,4.432006566978902
0.0,0.0,6.0,2.0,5.0,5.0,28.0,3.0,12.0,1.0,-2.3025850929940455
33.0,3.0,6.0,1.0,7.0,6.0,88.0,2.0,12.0,1.0,3.4995332823830174
53.0,7.0,2.0,3.0,6.0,0.0,57.0,6.0,12.0,0.0,3.9721769282478934
8.0,7.0,2.0,2.0,6.0,0.0,78.0,3.0,12.0,0.0,2.0918640616783932
2.0,7.0,4.0,4.0,2.0,0.0,56.0,3.0,12.0,0.0,0.7419373447293773
0.0,0.0,4.0,6.0,3.0,3.0,46.0,5.0,12.0,0.0,-2.3025850929940455
0.0,2.0,4.0,4.0,3.0,5.0,20.0,3.0,12.0,1.0,-2.3025850929940455
0.0,0.0,5.0,6.0,4.0,1.0,24.0,4.0,12.0,0.0,-2.3025850929940455
0.0,7.0,5.0,2.0,6.0,2.0,72.0,4.0,12.0,0.0,-2.3025850929940455
15.0,7.0,2.0,4.0,7.0,1.0,51.0,4.0,12.0,0.0,2.714694743820879
900.0,0.0,6.0,2.0,5.0,6.0,34.0,6.0,12.0,1.0,6.802505868263039
30.0,2.0,4.0,2.0,6.0,1.0,21.0,4.0,12.0,0.0,3.40452517175483
0.0,7.0,4.0,4.0,6.0,2.0,74.0,7.0,12.0,0.0,-2.3025850929940455
170.0,3.0,4.0,4.0,6.0,1.0,48.0,1.0,12.0,0.0,5.136386499401816
900.0,2.0,3.0,3.0,7.0,5.0,28.0,3.0,12.0,0.0,6.802505868263039
0.0,6.0,7.0,1.0,7.0,5.0,38.0,2.0,12.0,1.0,-2.3025850929940455
1600.0,7.0,4.0,6.0,1.0,0.0,70.0,3.0,12.0,0.0,7.377821406274829
0.0,7.0,4.0,5.0,4.0,0.0,72.0,2.0,12.0,0.0,-2.3025850929940455
2800.0,0.0,4.0,5.0,6.0,0.0,41.0,3.0,12.0,0.0,7.937410409811269
110.0,5.0,3.0,4.0,5.0,1.0,50.0,7.0,12.0,0.0,4.701389043728634
1.0,7.0,6.0,2.0,5.0,5.0,73.0,3.0,12.0,1.0,0.09531017980432493
3.0,5.0,5.0,2.0,4.0,0.0,79.0,6.0,12.0,0.0,1.1314021114911006
0.0,4.0,5.0,1.0,4.0,5.0,76.0,2.0,12.0,1.0,-2.3025850929940455
22.0,0.0,5.0,3.0,5.0,5.0,62.0,5.0,12.0,1.0,3.095577608523707
63.0,3.0,6.0,2.0,6.0,6.0,30.0,6.0,12.0,1.0,4.144720769547168
290.0,0.0,6.0,3.0,6.0,5.0,35.0,4.0,12.0,1.0,5.670225691127358
2.0,7.0,1.0,2.0,7.0,1.0,66.0,4.0,12.0,0.0,0.7419373447293773
40.0,0.0,2.0,4.0,6.0,0.0,35.0,4.0,12.0,0.0,3.6913763343125234
67.0,0.0,6.0,1.0,5.0,6.0,57.0,6.0,12.0,1.0,4.206184043977636
0.0,5.0,4.0,5.0,4.0,5.0,37.0,5.0,12.0,1.0,-2.3025850929940455
470.0,7.0,5.0,5.0,2.0,1.0,61.0,3.0,13.0,0.0,6.152945438030085
0.0,7.0,6.0,2.0,6.0,6.0,56.0,3.0,13.0,1.0,-2.3025850929940455
4.0,6.0,3.0,4.0,5.0,1.0,53.0,3.0,13.0,0.0,1.410986973710262
20.0,0.0,4.0,5.0,3.0,2.0,24.0,6.0,13.0,1.0,3.0007198150650303
2800.0,7.0,4.0,1.0,6.0,5.0,74.0,3.0,13.0,1.0,7.937410409811269
0.0,0.0,4.0,4.0,3.0,1.0,36.0,3.0,13.0,0.0,-2.3025850929940455
1.0,0.0,6.0,2.0,4.0,5.0,30.0,5.0,13.0,1.0,0.09531017980432493
640.0,0.0,4.0,7.0,4.0,1.0,55.0,2.0,13.0,0.0,6.461624414147958
170.0,3.0,3.0,2.0,7.0,2.0,35.0,6.0,13.0,0.0,5.136386499401816
270.0,2.0,3.0,4.0,6.0,0.0,26.0,4.0,13.0,0.0,5.59879226079857
390.0,0.0,3.0,4.0,6.0,2.0,25.0,4.0,13.0,0.0,5.966403116512611
16.0,2.0,6.0,7.0,4.0,3.0,27.0,3.0,13.0,0.0,2.7788192719904172
11.0,7.0,4.0,1.0,6.0,5.0,66.0,3.0,13.0,1.0,2.4069451083182885
0.0,1.0,5.0,2.0,6.0,2.0,39.0,2.0,13.0,0.0,-2.3025850929940455
270.0,7.0,1.0,1.0,2.0,2.0,58.0,5.0,13.0,0.0,5.59879226079857
170.0,2.0,4.0,4.0,4.0,0.0,53.0,3.0,13.0,1.0,5.136386499401816
900.0,7.0,6.0,7.0,4.0,0.0,76.0,3.0,13.0,0.0,6.802505868263039
270.0,7.0,5.0,2.0,7.0,1.0,51.0,3.0,13.0,0.0,5.59879226079857
0.0,7.0,4.0,2.0,7.0,0.0,70.0,2.0,13.0,0.0,-2.3025850929940455
350.0,3.0,6.0,3.0,6.0,6.0,68.0,4.0,13.0,1.0,5.85821882796062
0.0,0.0,5.0,4.0,5.0,2.0,32.0,3.0,13.0,1.0,-2.3025850929940455
6.0,0.0,5.0,4.0,5.0,5.0,55.0,3.0,13.0,0.0,1.8082887711792655
290.0,7.0,2.0,2.0,6.0,0.0,52.0,4.0,13.0,0.0,5.670225691127358
630.0,7.0,6.0,4.0,6.0,4.0,73.0,2.0,13.0,1.0,6.44587853694801
900.0,0.0,5.0,4.0,7.0,0.0,42.0,2.0,13.0,0.0,6.802505868263039
31.0,2.0,4.0,4.0,3.0,4.0,23.0,5.0,13.0,1.0,3.4372078191851885
1600.0,5.0,2.0,3.0,6.0,0.0,30.0,7.0,14.0,0.0,7.377821406274829
71.0,7.0,2.0,2.0,7.0,0.0,68.0,4.0,14.0,0.0,4.264087336809195
200.0,7.0,5.0,2.0,3.0,2.0,68.0,3.0,14.0,0.0,5.2988172415896875
0.0,0.0,6.0,4.0,7.0,3.0,68.0,6.0,14.0,0.0,-2.3025850929940455
30.0,5.0,2.0,3.0,6.0,0.0,38.0,5.0,14.0,0.0,3.40452517175483
10.0,1.0,4.0,3.0,6.0,2.0,74.0,3.0,14.0,0.0,2.312535423847214
0.0,7.0,5.0,6.0,3.0,0.0,59.0,2.0,14.0,0.0,-2.3025850929940455
900.0,2.0,5.0,2.0,5.0,2.0,73.0,2.0,14.0,0.0,6.802505868263039
71.0,7.0,2.0,3.0,6.0,0.0,79.0,3.0,14.0,0.0,4.264087336809195
22.0,3.0,7.0,1.0,6.0,5.0,28.0,4.0,14.0,1.0,3.095577608523707
0.0,7.0,6.0,2.0,6.0,6.0,50.0,3.0,14.0,1.0,-2.3025850929940455
0.0,4.0,6.0,3.0,1.0,1.0,36.0,4.0,14.0,0.0,-2.3025850929940455
0.0,3.0,6.0,2.0,6.0,6.0,50.0,3.0,14.0,1.0,-2.3025850929940455
0.0,1.0,6.0,2.0,6.0,6.0,61.0,3.0,14.0,1.0,-2.3025850929940455
7300.0,3.0,2.0,2.0,6.0,0.0,37.0,4.0,14.0,0.0,8.895643325672793
83.0,0.0,3.0,4.0,7.0,0.0,29.0,6.0,14.0,0.0,4.420044701861403
93.0,7.0,2.0,3.0,7.0,0.0,39.0,4.0,14.0,0.0,4.533674184283021
0.0,7.0,4.0,5.0,4.0,2.0,83.0,6.0,14.0,1.0,-2.3025850929940455
51.0,7.0,6.0,1.0,5.0,4.0,68.0,6.0,14.0,1.0,3.933784497209659
31.0,2.0,6.0,1.0,5.0,6.0,25.0,4.0,14.0,1.0,3.4372078191851885
93.0,2.0,1.0,3.0,6.0,1.0,41.0,6.0,14.0,0.0,4.533674184283021
0.0,7.0,3.0,2.0,6.0,1.0,67.0,3.0,14.0,0.0,-2.3025850929940455
0.0,3.0,4.0,2.0,6.0,4.0,36.0,6.0,14.0,1.0,-2.3025850929940455
31.0,4.0,6.0,2.0,6.0,4.0,66.0,4.0,14.0,1.0,3.4372078191851885
900.0,1.0,3.0,2.0,7.0,1.0,55.0,4.0,14.0,0.0,6.802505868263039
0.0,4.0,3.0,2.0,6.0,2.0,42.0,5.0,14.0,0.0,-2.3025850929940455
2.0,7.0,6.0,3.0,5.0,5.0,42.0,3.0,14.0,1.0,0.7419373447293773
110.0,3.0,4.0,5.0,7.0,1.0,36.0,3.0,14.0,0.0,4.701389043728634
63.0,1.0,6.0,4.0,6.0,4.0,53.0,5.0,14.0,1.0,4.144720769547168
900.0,0.0,3.0,2.0,5.0,1.0,36.0,5.0,14.0,0.0,6.802505868263039
31.0,3.0,4.0,3.0,6.0,2.0,29.0,7.0,14.0,0.0,3.4372078191851885
510.0,1.0,4.0,4.0,6.0,0.0,31.0,3.0,14.0,0.0,6.234606784928881
270.0,2.0,3.0,4.0,6.0,1.0,43.0,6.0,14.0,0.0,5.59879226079857
9.0,3.0,3.0,4.0,7.0,1.0,33.0,6.0,14.0,0.0,2.2082744135228043
3.0,1.0,6.0,6.0,2.0,0.0,63.0,3.0,14.0,0.0,1.1314021114911006
29.0,1.0,5.0,2.0,4.0,2.0,25.0,5.0,14.0,0.0,3.370738174177447
45.0,2.0,3.0,2.0,6.0,0.0,72.0,4.0,14.0,0.0,3.8088822465086327
83.0,5.0,3.0,3.0,6.0,1.0,40.0,4.0,14.0,0.0,4.420044701861403
22.0,7.0,4.0,2.0,6.0,2.0,27.0,6.0,14.0,0.0,3.095577608523707
15.0,3.0,5.0,4.0,7.0,2.0,26.0,4.0,15.0,0.0,2.714694743820879
110.0,7.0,5.0,2.0,5.0,6.0,67.0,3.0,15.0,1.0,4.701389043728634
8.0,0.0,4.0,5.0,5.0,1.0,21.0,3.0,15.0,0.0,2.0918640616783932
11.0,5.0,6.0,2.0,6.0,6.0,27.0,7.0,15.0,1.0,2.4069451083182885
56.0,4.0,6.0,5.0,3.0,0.0,78.0,6.0,15.0,1.0,4.027135812528651
8.0,3.0,4.0,4.0,3.0,1.0,32.0,3.0,15.0,0.0,2.0918640616783932
100.0,5.0,4.0,2.0,6.0,1.0,68.0,4.0,15.0,0.0,4.6061696863211745
900.0,7.0,4.0,2.0,6.0,5.0,76.0,4.0,15.0,0.0,6.802505868263039
67.0,7.0,3.0,3.0,6.0,0.0,33.0,5.0,15.0,0.0,4.206184043977636
35.0,4.0,6.0,2.0,5.0,4.0,38.0,2.0,15.0,1.0,3.55820113047182
35.0,3.0,4.0,3.0,5.0,1.0,49.0,7.0,15.0,0.0,3.55820113047182
22.0,0.0,5.0,4.0,6.0,5.0,61.0,4.0,15.0,1.0,3.095577608523707
110.0,7.0,7.0,1.0,5.0,4.0,57.0,3.0,15.0,1.0,4.701389043728634
12.0,0.0,4.0,2.0,5.0,2.0,20.0,3.0,15.0,0.0,2.4932054526026954
7300.0,7.0,4.0,2.0,4.0,4.0,63.0,6.0,15.0,1.0,8.895643325672793
0.0,0.0,4.0,1.0,5.0,4.0,53.0,3.0,15.0,1.0,-2.3025850929940455
19.0,5.0,4.0,2.0,6.0,5.0,35.0,4.0,15.0,1.0,2.9496883350525844
470.0,3.0,4.0,4.0,7.0,0.0,39.0,3.0,15.0,0.0,6.152945438030085
4.0,3.0,3.0,5.0,3.0,4.0,48.0,3.0,15.0,1.0,1.410986973710262
640.0,4.0,6.0,2.0,5.0,4.0,62.0,3.0,15.0,1.0,6.461624414147958
640.0,2.0,4.0,2.0,3.0,1.0,30.0,5.0,15.0,0.0,6.461624414147958
200.0,7.0,7.0,1.0,4.0,6.0,26.0,6.0,15.0,1.0,5.2988172415896875
0.0,7.0,3.0,2.0,4.0,5.0,74.0,6.0,15.0,1.0,-2.3025850929940455
29.0,4.0,3.0,4.0,6.0,2.0,37.0,5.0,15.0,0.0,3.370738174177447
330.0,2.0,4.0,5.0,5.0,1.0,43.0,5.0,15.0,0.0,5.799395638859147
19.0,5.0,5.0,1.0,4.0,6.0,68.0,3.0,15.0,1.0,2.9496883350525844
1.0,7.0,5.0,3.0,4.0,5.0,73.0,5.0,15.0,1.0,0.09531017980432493
110.0,5.0,6.0,1.0,6.0,6.0,60.0,7.0,15.0,1.0,4.701389043728634
0.0,7.0,5.0,4.0,6.0,1.0,35.0,3.0,15.0,0.0,-2.3025850929940455
350.0,4.0,3.0,4.0,6.0,0.0,29.0,6.0,15.0,0.0,5.85821882796062
2.0,5.0,3.0,3.0,5.0,1.0,25.0,6.0,15.0,0.0,0.7419373447293773
0.0,7.0,2.0,2.0,6.0,0.0,25.0,7.0,15.0,0.0,-2.3025850929940455
7.0,4.0,2.0,4.0,5.0,0.0,70.0,6.0,15.0,0.0,1.9600947840472698
71.0,1.0,6.0,2.0,5.0,6.0,41.0,3.0,15.0,1.0,4.264087336809195
53.0,0.0,4.0,2.0,6.0,1.0,37.0,6.0,15.0,0.0,3.9721769282478934
0.0,0.0,6.0,1.0,6.0,6.0,39.0,5.0,15.0,1.0,-2.3025850929940455
2.0,6.0,3.0,4.0,6.0,0.0,35.0,4.0,15.0,0.0,0.7419373447293773
190.0,4.0,2.0,3.0,6.0,0.0,62.0,7.0,15.0,0.0,5.247550249494384
31.0,0.0,3.0,2.0,6.0,1.0,30.0,7.0,15.0,0.0,3.4372078191851885
16.0,7.0,4.0,2.0,6.0,0.0,74.0,4.0,15.0,0.0,2.7788192719904172
22.0,7.0,3.0,3.0,4.0,5.0,47.0,3.0,15.0,0.0,3.095577608523707
3.0,4.0,4.0,5.0,3.0,1.0,43.0,6.0,15.0,0.0,1.1314021114911006
0.0,6.0,5.0,3.0,6.0,5.0,64.0,2.0,15.0,1.0,-2.3025850929940455
0.0,7.0,4.0,3.0,5.0,2.0,75.0,4.0,15.0,1.0,-2.3025850929940455
67.0,3.0,4.0,4.0,7.0,1.0,27.0,6.0,15.0,0.0,4.206184043977636
40.0,7.0,4.0,4.0,6.0,0.0,21.0,3.0,15.0,0.0,3.6913763343125234
74.0,4.0,2.0,2.0,6.0,1.0,70.0,2.0,15.0,0.0,4.3054155323020415
3.0,6.0,5.0,2.0,6.0,5.0,67.0,3.0,15.0,1.0,1.1314021114911006
140.0,7.0,6.0,4.0,5.0,6.0,82.0,5.0,15.0,0.0,4.942356453342962
14.0,0.0,2.0,2.0,6.0,0.0,40.0,6.0,15.0,0.0,2.6461747973841225
110.0,0.0,5.0,3.0,6.0,5.0,26.0,4.0,15.0,1.0,4.701389043728634
35.0,3.0,4.0,3.0,5.0,1.0,29.0,6.0,15.0,0.0,3.55820113047182
0.0,1.0,4.0,5.0,6.0,2.0,28.0,6.0,15.0,0.0,-2.3025850929940455
310.0,7.0,6.0,4.0,3.0,5.0,65.0,3.0,15.0,0.0,5.736894826106403
900.0,2.0,6.0,5.0,3.0,1.0,25.0,3.0,15.0,0.0,6.802505868263039
0.0,7.0,3.0,2.0,7.0,1.0,65.0,2.0,15.0,0.0,-2.3025850929940455
11.0,4.0,6.0,2.0,6.0,5.0,38.0,5.0,15.0,1.0,2.4069451083182885
0.0,2.0,4.0,3.0,5.0,5.0,72.0,7.0,15.0,1.0,-2.3025850929940455
270.0,7.0,3.0,2.0,7.0,1.0,67.0,3.0,15.0,0.0,5.59879226079857
51.0,7.0,3.0,1.0,7.0,0.0,74.0,3.0,15.0,0.0,3.933784497209659
11.0,5.0,2.0,4.0,4.0,2.0,71.0,6.0,15.0,0.0,2.4069451083182885
2.0,0.0,4.0,6.0,4.0,0.0,47.0,3.0,15.0,0.0,0.7419373447293773
20.0,7.0,5.0,4.0,6.0,1.0,69.0,1.0,15.0,0.0,3.0007198150650303
31.0,3.0,3.0,3.0,6.0,1.0,29.0,6.0,15.0,0.0,3.4372078191851885
2.0,0.0,6.0,2.0,5.0,6.0,34.0,3.0,15.0,1.0,0.7419373447293773
5.0,3.0,4.0,3.0,6.0,0.0,43.0,4.0,15.0,0.0,1.62924053973028
22.0,7.0,2.0,1.0,7.0,0.0,30.0,3.0,15.0,0.0,3.095577608523707
0.0,7.0,5.0,5.0,4.0,0.0,76.0,2.0,15.0,0.0,-2.3025850929940455
27.0,0.0,2.0,4.0,6.0,1.0,26.0,5.0,16.0,0.0,3.299533727885655
7.0,7.0,4.0,3.0,6.0,2.0,76.0,5.0,16.0,0.0,1.9600947840472698
0.0,0.0,1.0,4.0,6.0,1.0,42.0,7.0,16.0,0.0,-2.3025850929940455
0.0,4.0,3.0,1.0,4.0,5.0,33.0,3.0,16.0,1.0,-2.3025850929940455
0.0,1.0,6.0,2.0,5.0,5.0,25.0,3.0,16.0,1.0,-2.3025850929940455
2800.0,0.0,2.0,2.0,7.0,0.0,51.0,4.0,16.0,0.0,7.937410409811269
0.0,4.0,4.0,2.0,5.0,4.0,57.0,3.0,16.0,1.0,-2.3025850929940455
22.0,1.0,6.0,1.0,5.0,6.0,21.0,4.0,16.0,1.0,3.095577608523707
9.0,7.0,5.0,1.0,4.0,5.0,79.0,7.0,16.0,1.0,2.2082744135228043
0.0,1.0,6.0,2.0,5.0,5.0,35.0,5.0,16.0,1.0,-2.3025850929940455
9.0,5.0,4.0,2.0,5.0,4.0,57.0,6.0,16.0,1.0,2.2082744135228043
0.0,1.0,4.0,4.0,6.0,5.0,32.0,6.0,16.0,0.0,-2.3025850929940455
37.0,5.0,4.0,5.0,5.0,2.0,51.0,6.0,16.0,0.0,3.6136169696133895
23.0,0.0,5.0,2.0,4.0,6.0,62.0,7.0,16.0,1.0,3.139832617527748
0.0,4.0,5.0,1.0,6.0,5.0,48.0,4.0,16.0,1.0,-2.3025850929940455
0.0,7.0,7.0,1.0,6.0,6.0,39.0,3.0,16.0,1.0,-2.3025850929940455
0.0,5.0,3.0,2.0,6.0,5.0,26.0,6.0,16.0,1.0,-2.3025850929940455
40.0,0.0,4.0,2.0,4.0,1.0,38.0,3.0,16.0,1.0,3.6913763343125234
0.0,5.0,3.0,3.0,4.0,0.0,50.0,4.0,16.0,0.0,-2.3025850929940455
9.0,2.0,5.0,5.0,6.0,4.0,33.0,3.0,16.0,1.0,2.2082744135228043
15.0,5.0,4.0,3.0,6.0,2.0,36.0,3.0,16.0,0.0,2.714694743820879
640.0,5.0,4.0,4.0,6.0,0.0,24.0,6.0,16.0,0.0,6.461624414147958
0.0,4.0,3.0,2.0,6.0,0.0,25.0,5.0,16.0,0.0,-2.3025850929940455
0.0,7.0,6.0,5.0,3.0,0.0,62.0,3.0,16.0,0.0,-2.3025850929940455
0.0,2.0,4.0,3.0,3.0,6.0,33.0,3.0,16.0,1.0,-2.3025850929940455
0.0,7.0,6.0,2.0,5.0,6.0,53.0,6.0,16.0,1.0,-2.3025850929940455
22.0,7.0,6.0,2.0,5.0,6.0,68.0,6.0,16.0,1.0,3.095577608523707
22.0,7.0,5.0,4.0,6.0,1.0,68.0,3.0,16.0,0.0,3.095577608523707
10.0,1.0,6.0,1.0,5.0,5.0,38.0,3.0,16.0,1.0,2.312535423847214
29.0,1.0,4.0,5.0,3.0,0.0,58.0,1.0,16.0,0.0,3.370738174177447
170.0,7.0,4.0,2.0,6.0,5.0,34.0,6.0,16.0,1.0,5.136386499401816
4.0,2.0,4.0,3.0,4.0,1.0,58.0,2.0,16.0,0.0,1.410986973710262
11.0,0.0,3.0,4.0,7.0,1.0,35.0,5.0,16.0,0.0,2.4069451083182885
31.0,3.0,7.0,2.0,6.0,6.0,42.0,6.0,16.0,1.0,3.4372078191851885
0.0,7.0,4.0,4.0,6.0,0.0,54.0,3.0,16.0,0.0,-2.3025850929940455
0.0,7.0,6.0,2.0,5.0,6.0,69.0,3.0,16.0,1.0,-2.3025850929940455
360.0,2.0,4.0,6.0,5.0,0.0,35.0,4.0,16.0,0.0,5.88638177065483
0.0,7.0,6.0,1.0,5.0,6.0,66.0,4.0,16.0,1.0,-2.3025850929940455
900.0,2.0,3.0,2.0,7.0,0.0,58.0,3.0,16.0,0.0,6.802505868263039
51.0,5.0,2.0,4.0,7.0,1.0,41.0,3.0,16.0,0.0,3.933784497209659
0.0,2.0,5.0,2.0,6.0,4.0,35.0,6.0,16.0,0.0,-2.3025850929940455
110.0,0.0,3.0,3.0,6.0,1.0,40.0,7.0,16.0,0.0,4.701389043728634
1.0,7.0,4.0,7.0,2.0,0.0,53.0,1.0,16.0,0.0,0.09531017980432493
8.0,5.0,6.0,2.0,6.0,5.0,67.0,6.0,16.0,1.0,2.0918640616783932
5.0,5.0,4.0,4.0,6.0,0.0,32.0,5.0,16.0,0.0,1.62924053973028
87.0,4.0,3.0,4.0,6.0,0.0,41.0,4.0,16.0,0.0,4.467056883858457
3.0,1.0,2.0,1.0,6.0,1.0,43.0,7.0,16.0,0.0,1.1314021114911006
51.0,1.0,5.0,3.0,2.0,0.0,65.0,2.0,16.0,0.0,3.933784497209659
350.0,7.0,3.0,3.0,7.0,0.0,60.0,5.0,16.0,0.0,5.85821882796062
3.0,7.0,5.0,3.0,6.0,0.0,77.0,6.0,16.0,0.0,1.1314021114911006
630.0,0.0,6.0,5.0,4.0,1.0,35.0,4.0,16.0,0.0,6.44587853694801
180.0,4.0,6.0,7.0,5.0,1.0,48.0,4.0,16.0,0.0,5.19351225218191
0.0,0.0,6.0,2.0,6.0,6.0,52.0,3.0,16.0,1.0,-2.3025850929940455
35.0,7.0,5.0,3.0,6.0,2.0,43.0,7.0,16.0,0.0,3.55820113047182
0.0,7.0,6.0,2.0,6.0,6.0,43.0,5.0,16.0,1.0,-2.3025850929940455
0.0,7.0,6.0,2.0,6.0,6.0,67.0,4.0,16.0,1.0,-2.3025850929940455
6.0,1.0,4.0,4.0,7.0,0.0,56.0,3.0,16.0,0.0,1.8082887711792655
7300.0,2.0,3.0,3.0,4.0,0.0,62.0,4.0,16.0,0.0,8.895643325672793
2.0,1.0,7.0,7.0,5.0,0.0,62.0,3.0,16.0,0.0,0.7419373447293773
35.0,3.0,3.0,2.0,6.0,1.0,22.0,6.0,16.0,0.0,3.55820113047182
0.0,0.0,2.0,2.0,6.0,1.0,21.0,5.0,16.0,0.0,-2.3025850929940455
45.0,3.0,6.0,1.0,6.0,6.0,34.0,3.0,16.0,1.0,3.8088822465086327
0.0,7.0,4.0,3.0,5.0,0.0,70.0,3.0,16.0,0.0,-2.3025850929940455
5.0,1.0,3.0,2.0,6.0,2.0,50.0,3.0,16.0,0.0,1.62924053973028
35.0,5.0,6.0,1.0,6.0,6.0,42.0,4.0,16.0,1.0,3.55820113047182
900.0,5.0,6.0,2.0,6.0,6.0,73.0,3.0,16.0,1.0,6.802505868263039
35.0,2.0,3.0,1.0,6.0,0.0,57.0,7.0,16.0,0.0,3.55820113047182
0.0,7.0,6.0,1.0,5.0,6.0,40.0,6.0,16.0,1.0,-2.3025850929940455
0.0,2.0,6.0,1.0,6.0,6.0,58.0,6.0,16.0,1.0,-2.3025850929940455
11.0,7.0,4.0,6.0,2.0,1.0,62.0,3.0,16.0,0.0,2.4069451083182885
40.0,1.0,3.0,5.0,3.0,1.0,44.0,3.0,17.0,0.0,3.6913763343125234
0.0,3.0,5.0,3.0,7.0,6.0,30.0,6.0,17.0,0.0,-2.3025850929940455
23.0,7.0,3.0,3.0,7.0,0.0,76.0,5.0,17.0,0.0,3.139832617527748
270.0,3.0,4.0,3.0,3.0,1.0,50.0,4.0,17.0,0.0,5.59879226079857
9.0,1.0,6.0,2.0,5.0,5.0,41.0,4.0,17.0,1.0,2.2082744135228043
0.0,6.0,6.0,3.0,6.0,6.0,77.0,3.0,17.0,1.0,-2.3025850929940455
0.0,3.0,6.0,3.0,5.0,6.0,35.0,6.0,17.0,1.0,-2.3025850929940455
0.0,7.0,4.0,3.0,4.0,3.0,39.0,4.0,17.0,0.0,-2.3025850929940455
2.0,0.0,4.0,2.0,4.0,4.0,72.0,3.0,17.0,1.0,0.7419373447293773
0.0,2.0,6.0,2.0,5.0,6.0,42.0,7.0,17.0,1.0,-2.3025850929940455
16.0,7.0,5.0,2.0,6.0,5.0,85.0,2.0,17.0,1.0,2.7788192719904172
7300.0,0.0,4.0,2.0,6.0,3.0,79.0,4.0,17.0,0.0,8.895643325672793
0.0,5.0,2.0,3.0,6.0,0.0,39.0,4.0,17.0,0.0,-2.3025850929940455
23.0,4.0,6.0,1.0,5.0,6.0,58.0,6.0,17.0,1.0,3.139832617527748
42.0,0.0,4.0,2.0,6.0,5.0,27.0,6.0,17.0,1.0,3.7400477406883357
2.0,4.0,4.0,3.0,5.0,1.0,43.0,5.0,17.0,0.0,0.7419373447293773
0.0,0.0,3.0,3.0,6.0,0.0,58.0,4.0,17.0,0.0,-2.3025850929940455
42.0,7.0,4.0,3.0,6.0,4.0,28.0,7.0,17.0,1.0,3.7400477406883357
470.0,2.0,5.0,3.0,6.0,5.0,27.0,6.0,17.0,0.0,6.152945438030085
42.0,0.0,3.0,6.0,5.0,2.0,40.0,3.0,17.0,0.0,3.7400477406883357
0.0,5.0,1.0,3.0,6.0,0.0,43.0,6.0,17.0,0.0,-2.3025850929940455
40.0,7.0,5.0,4.0,6.0,5.0,64.0,3.0,17.0,1.0,3.6913763343125234
180.0,7.0,2.0,2.0,6.0,0.0,39.0,6.0,17.0,0.0,5.19351225218191
110.0,7.0,4.0,2.0,6.0,4.0,76.0,4.0,17.0,1.0,4.701389043728634
140.0,5.0,3.0,3.0,6.0,0.0,64.0,5.0,17.0,0.0,4.942356453342962
0.0,4.0,4.0,6.0,3.0,2.0,28.0,4.0,17.0,0.0,-2.3025850929940455
0.0,2.0,4.0,2.0,6.0,1.0,45.0,3.0,17.0,0.0,-2.3025850929940455
190.0,1.0,6.0,2.0,6.0,6.0,22.0,3.0,17.0,1.0,5.247550249494384
35.0,1.0,3.0,3.0,6.0,1.0,27.0,6.0,17.0,0.0,3.55820113047182
45.0,0.0,1.0,2.0,7.0,0.0,31.0,4.0,17.0,0.0,3.8088822465086327
170.0,1.0,2.0,2.0,7.0,0.0,34.0,6.0,17.0,0.0,5.136386499401816
0.0,4.0,2.0,3.0,7.0,0.0,30.0,4.0,17.0,0.0,-2.3025850929940455
0.0,2.0,6.0,1.0,6.0,6.0,64.0,3.0,17.0,1.0,-2.3025850929940455
35.0,0.0,6.0,1.0,6.0,4.0,36.0,6.0,17.0,1.0,3.55820113047182
5.0,7.0,4.0,3.0,5.0,4.0,31.0,2.0,17.0,1.0,1.62924053973028
350.0,1.0,4.0,3.0,4.0,5.0,37.0,3.0,17.0,1.0,5.85821882796062
4.0,0.0,6.0,4.0,2.0,1.0,48.0,3.0,17.0,0.0,1.410986973710262
70.0,0.0,5.0,7.0,7.0,3.0,41.0,3.0,17.0,0.0,4.249922794040544
8.0,2.0,5.0,2.0,6.0,5.0,25.0,4.0,17.0,1.0,2.0918640616783932
12.0,5.0,4.0,2.0,6.0,6.0,82.0,3.0,17.0,1.0,2.4932054526026954
5.0,1.0,6.0,2.0,5.0,4.0,36.0,7.0,17.0,1.0,1.62924053973028
0.0,7.0,6.0,2.0,5.0,1.0,47.0,3.0,17.0,1.0,-2.3025850929940455
16.0,6.0,2.0,3.0,6.0,0.0,67.0,4.0,17.0,0.0,2.7788192719904172
0.0,0.0,4.0,6.0,2.0,5.0,24.0,4.0,17.0,1.0,-2.3025850929940455
9.0,0.0,4.0,5.0,3.0,5.0,33.0,6.0,17.0,1.0,2.2082744135228043
14.0,7.0,4.0,1.0,5.0,1.0,59.0,4.0,17.0,1.0,2.6461747973841225
22.0,7.0,7.0,1.0,6.0,6.0,71.0,4.0,17.0,1.0,3.095577608523707
0.0,7.0,6.0,2.0,5.0,6.0,36.0,3.0,17.0,1.0,-2.3025850929940455
1.0,3.0,3.0,3.0,5.0,0.0,41.0,3.0,17.0,0.0,0.09531017980432493
1600.0,5.0,6.0,2.0,6.0,6.0,38.0,6.0,17.0,1.0,7.377821406274829
7300.0,1.0,6.0,3.0,6.0,6.0,32.0,3.0,17.0,1.0,8.895643325672793
19.0,0.0,5.0,6.0,7.0,1.0,32.0,4.0,17.0,0.0,2.9496883350525844
9.0,6.0,5.0,4.0,6.0,0.0,75.0,6.0,17.0,0.0,2.2082744135228043
0.0,7.0,5.0,2.0,4.0,4.0,52.0,3.0,17.0,1.0,-2.3025850929940455
1600.0,5.0,2.0,3.0,6.0,0.0,29.0,7.0,17.0,0.0,7.377821406274829
12.0,7.0,3.0,4.0,6.0,0.0,71.0,3.0,17.0,0.0,2.4932054526026954
1.0,0.0,6.0,2.0,5.0,2.0,33.0,6.0,17.0,0.0,0.09531017980432493
0.0,3.0,1.0,2.0,7.0,2.0,67.0,7.0,17.0,0.0,-2.3025850929940455
0.0,2.0,6.0,1.0,6.0,6.0,49.0,4.0,17.0,1.0,-2.3025850929940455
0.0,0.0,2.0,3.0,5.0,1.0,31.0,7.0,17.0,0.0,-2.3025850929940455
9.0,7.0,3.0,4.0,6.0,1.0,53.0,2.0,17.0,0.0,2.2082744135228043
0.0,3.0,2.0,3.0,7.0,0.0,35.0,7.0,17.0,0.0,-2.3025850929940455
170.0,7.0,6.0,2.0,6.0,6.0,49.0,7.0,18.0,1.0,5.136386499401816
3.0,7.0,6.0,4.0,4.0,0.0,74.0,3.0,18.0,0.0,1.1314021114911006
14.0,0.0,6.0,1.0,5.0,6.0,29.0,4.0,18.0,1.0,2.6461747973841225
1.0,5.0,2.0,3.0,6.0,0.0,27.0,6.0,18.0,0.0,0.09531017980432493
23.0,5.0,4.0,4.0,6.0,5.0,70.0,4.0,18.0,0.0,3.139832617527748
0.0,0.0,6.0,1.0,6.0,6.0,43.0,6.0,18.0,1.0,-2.3025850929940455
1.0,5.0,2.0,3.0,6.0,2.0,47.0,7.0,18.0,0.0,0.09531017980432493
0.0,4.0,4.0,4.0,6.0,0.0,42.0,7.0,18.0,0.0,-2.3025850929940455
9.0,0.0,6.0,2.0,5.0,6.0,41.0,6.0,18.0,1.0,2.2082744135228043
130.0,2.0,6.0,4.0,6.0,6.0,37.0,4.0,18.0,1.0,4.86830338551846
5.0,5.0,5.0,5.0,4.0,1.0,61.0,3.0,18.0,0.0,1.62924053973028
4.0,7.0,4.0,2.0,6.0,0.0,84.0,4.0,18.0,0.0,1.410986973710262
2800.0,7.0,5.0,3.0,7.0,0.0,46.0,6.0,18.0,0.0,7.937410409811269
4.0,0.0,4.0,3.0,6.0,5.0,39.0,7.0,18.0,0.0,1.410986973710262
6.0,7.0,2.0,3.0,6.0,0.0,53.0,3.0,18.0,0.0,1.8082887711792655
4.0,7.0,5.0,1.0,6.0,6.0,87.0,6.0,18.0,1.0,1.410986973710262
84.0,2.0,4.0,6.0,2.0,0.0,51.0,3.0,18.0,0.0,4.432006566978902
0.0,0.0,5.0,2.0,5.0,4.0,37.0,5.0,18.0,1.0,-2.3025850929940455
9.0,1.0,4.0,3.0,5.0,4.0,37.0,6.0,18.0,1.0,2.2082744135228043
290.0,0.0,5.0,2.0,6.0,6.0,40.0,6.0,18.0,1.0,5.670225691127358
0.0,3.0,4.0,4.0,6.0,2.0,46.0,6.0,18.0,0.0,-2.3025850929940455
9.0,7.0,1.0,4.0,1.0,3.0,44.0,3.0,18.0,1.0,2.2082744135228043
0.0,2.0,4.0,3.0,6.0,1.0,37.0,3.0,18.0,0.0,-2.3025850929940455
0.0,7.0,4.0,2.0,6.0,2.0,55.0,7.0,18.0,0.0,-2.3025850929940455
22.0,0.0,5.0,2.0,5.0,1.0,40.0,6.0,18.0,1.0,3.095577608523707
0.0,5.0,3.0,2.0,6.0,1.0,42.0,7.0,18.0,0.0,-2.3025850929940455
640.0,7.0,6.0,2.0,6.0,6.0,40.0,3.0,18.0,1.0,6.461624414147958
10.0,0.0,6.0,2.0,6.0,6.0,32.0,3.0,18.0,1.0,2.312535423847214
4.0,5.0,5.0,2.0,5.0,4.0,58.0,7.0,18.0,1.0,1.410986973710262
0.0,2.0,5.0,1.0,6.0,4.0,37.0,3.0,18.0,1.0,-2.3025850929940455
640.0,4.0,4.0,5.0,5.0,5.0,51.0,3.0,18.0,1.0,6.461624414147958
110.0,5.0,3.0,5.0,4.0,5.0,44.0,5.0,18.0,0.0,4.701389043728634
0.0,2.0,4.0,5.0,2.0,0.0,23.0,2.0,18.0,0.0,-2.3025850929940455
0.0,2.0,6.0,2.0,6.0,6.0,38.0,3.0,18.0,1.0,-2.3025850929940455
67.0,0.0,3.0,4.0,6.0,0.0,42.0,7.0,18.0,0.0,4.206184043977636
520.0,7.0,4.0,2.0,5.0,4.0,60.0,4.0,18.0,1.0,6.254021100779027
0.0,3.0,4.0,3.0,6.0,1.0,34.0,4.0,18.0,0.0,-2.3025850929940455
51.0,1.0,6.0,2.0,6.0,6.0,49.0,3.0,18.0,1.0,3.933784497209659
0.0,0.0,4.0,2.0,3.0,4.0,40.0,3.0,18.0,1.0,-2.3025850929940455
2800.0,7.0,2.0,2.0,7.0,0.0,23.0,4.0,18.0,0.0,7.937410409811269
110.0,2.0,2.0,3.0,6.0,0.0,47.0,3.0,18.0,0.0,4.701389043728634
7300.0,7.0,4.0,4.0,7.0,0.0,44.0,5.0,18.0,0.0,8.895643325672793
7300.0,5.0,5.0,2.0,6.0,1.0,37.0,7.0,18.0,1.0,8.895643325672793
0.0,2.0,6.0,1.0,6.0,5.0,26.0,5.0,18.0,1.0,-2.3025850929940455
16.0,7.0,7.0,6.0,5.0,2.0,51.0,4.0,18.0,0.0,2.7788192719904172
140.0,4.0,4.0,4.0,6.0,0.0,69.0,3.0,18.0,0.0,4.942356453342962
54.0,2.0,2.0,2.0,7.0,0.0,36.0,6.0,18.0,0.0,3.9908341858524357
2.0,2.0,2.0,3.0,6.0,2.0,28.0,4.0,18.0,0.0,0.7419373447293773
470.0,4.0,5.0,2.0,6.0,5.0,40.0,4.0,19.0,1.0,6.152945438030085
0.0,1.0,6.0,1.0,6.0,5.0,45.0,4.0,19.0,1.0,-2.3025850929940455
75.0,3.0,5.0,2.0,5.0,5.0,75.0,6.0,19.0,1.0,4.318820558770089
11.0,2.0,6.0,2.0,5.0,5.0,32.0,6.0,19.0,1.0,2.4069451083182885
0.0,0.0,3.0,2.0,6.0,1.0,27.0,3.0,19.0,0.0,-2.3025850929940455
2800.0,6.0,5.0,2.0,5.0,3.0,63.0,6.0,19.0,1.0,7.937410409811269
140.0,1.0,5.0,3.0,6.0,6.0,79.0,7.0,19.0,1.0,4.942356453342962
9.0,7.0,3.0,2.0,6.0,1.0,40.0,6.0,19.0,0.0,2.2082744135228043
7300.0,2.0,4.0,3.0,6.0,1.0,57.0,6.0,19.0,0.0,8.895643325672793
45.0,3.0,3.0,4.0,5.0,1.0,44.0,6.0,19.0,0.0,3.8088822465086327
1600.0,7.0,5.0,2.0,5.0,6.0,78.0,6.0,19.0,1.0,7.377821406274829
9.0,7.0,4.0,5.0,5.0,5.0,58.0,7.0,19.0,0.0,2.2082744135228043
0.0,7.0,2.0,2.0,7.0,1.0,55.0,3.0,19.0,0.0,-2.3025850929940455
130.0,4.0,3.0,4.0,6.0,2.0,25.0,6.0,19.0,0.0,4.86830338551846
9.0,0.0,2.0,3.0,6.0,0.0,27.0,7.0,19.0,0.0,2.2082744135228043
3500.0,3.0,4.0,2.0,7.0,2.0,21.0,3.0,19.0,0.0,8.16054681849792
0.0,3.0,6.0,2.0,6.0,5.0,37.0,4.0,19.0,1.0,-2.3025850929940455
0.0,0.0,7.0,3.0,4.0,5.0,31.0,3.0,19.0,1.0,-2.3025850929940455
35.0,7.0,2.0,4.0,6.0,0.0,85.0,7.0,19.0,0.0,3.55820113047182
900.0,1.0,4.0,2.0,6.0,5.0,33.0,3.0,19.0,0.0,6.802505868263039
27.0,7.0,3.0,7.0,4.0,3.0,63.0,2.0,19.0,1.0,3.299533727885655
900.0,7.0,4.0,4.0,6.0,1.0,51.0,3.0,19.0,0.0,6.802505868263039
0.0,2.0,3.0,5.0,2.0,0.0,46.0,3.0,19.0,0.0,-2.3025850929940455
64.0,2.0,5.0,2.0,6.0,6.0,26.0,5.0,19.0,1.0,4.160444363926624
4.0,7.0,3.0,3.0,6.0,0.0,57.0,6.0,19.0,0.0,1.410986973710262
0.0,3.0,4.0,2.0,6.0,1.0,48.0,3.0,19.0,1.0,-2.3025850929940455
0.0,2.0,7.0,1.0,5.0,5.0,55.0,3.0,19.0,1.0,-2.3025850929940455
53.0,0.0,3.0,6.0,4.0,1.0,37.0,5.0,19.0,0.0,3.9721769282478934
290.0,2.0,6.0,2.0,6.0,6.0,39.0,3.0,19.0,1.0,5.670225691127358
15.0,2.0,2.0,3.0,4.0,1.0,24.0,3.0,19.0,1.0,2.714694743820879
0.0,0.0,6.0,3.0,6.0,6.0,30.0,6.0,19.0,1.0,-2.3025850929940455
35.0,0.0,3.0,4.0,6.0,1.0,36.0,7.0,19.0,0.0,3.55820113047182
0.0,0.0,5.0,4.0,6.0,4.0,45.0,3.0,19.0,0.0,-2.3025850929940455
470.0,1.0,5.0,2.0,6.0,2.0,29.0,3.0,19.0,0.0,6.152945438030085
16.0,7.0,6.0,3.0,6.0,5.0,41.0,4.0,19.0,1.0,2.7788192719904172
40.0,1.0,5.0,3.0,5.0,4.0,28.0,5.0,19.0,1.0,3.6913763343125234
290.0,7.0,2.0,2.0,7.0,0.0,35.0,4.0,19.0,0.0,5.670225691127358
4.0,7.0,2.0,3.0,6.0,0.0,46.0,4.0,19.0,0.0,1.410986973710262
1.0,7.0,1.0,2.0,7.0,1.0,55.0,4.0,19.0,0.0,0.09531017980432493
140.0,3.0,2.0,3.0,6.0,6.0,65.0,4.0,19.0,0.0,4.942356453342962
110.0,1.0,4.0,2.0,6.0,1.0,22.0,4.0,19.0,0.0,4.701389043728634
0.0,1.0,4.0,4.0,6.0,1.0,41.0,4.0,19.0,0.0,-2.3025850929940455
900.0,1.0,2.0,3.0,6.0,2.0,43.0,7.0,19.0,0.0,6.802505868263039
0.0,2.0,4.0,3.0,6.0,0.0,49.0,4.0,19.0,0.0,-2.3025850929940455
0.0,4.0,4.0,2.0,5.0,4.0,35.0,7.0,19.0,1.0,-2.3025850929940455
51.0,7.0,3.0,3.0,5.0,1.0,80.0,3.0,19.0,0.0,3.933784497209659
71.0,2.0,4.0,6.0,2.0,0.0,57.0,4.0,19.0,0.0,4.264087336809195
900.0,4.0,3.0,3.0,6.0,0.0,48.0,3.0,19.0,0.0,6.802505868263039
83.0,4.0,1.0,4.0,6.0,2.0,43.0,6.0,19.0,0.0,4.420044701861403
360.0,3.0,4.0,4.0,7.0,0.0,34.0,4.0,19.0,0.0,5.88638177065483
180.0,7.0,2.0,2.0,4.0,0.0,44.0,5.0,19.0,0.0,5.19351225218191
1.0,3.0,6.0,1.0,6.0,4.0,49.0,6.0,20.0,1.0,0.09531017980432493
22.0,7.0,5.0,2.0,7.0,2.0,43.0,7.0,20.0,0.0,3.095577608523707
1.0,0.0,4.0,3.0,5.0,6.0,39.0,4.0,20.0,1.0,0.09531017980432493
2.0,2.0,4.0,3.0,7.0,1.0,27.0,3.0,20.0,0.0,0.7419373447293773
34.0,4.0,6.0,2.0,6.0,6.0,30.0,6.0,20.0,1.0,3.529297384289471
33.0,2.0,6.0,2.0,6.0,4.0,33.0,6.0,20.0,1.0,3.4995332823830174
10.0,1.0,2.0,3.0,7.0,0.0,32.0,5.0,20.0,0.0,2.312535423847214
290.0,7.0,5.0,2.0,6.0,6.0,31.0,6.0,20.0,1.0,5.670225691127358
0.0,2.0,5.0,3.0,7.0,2.0,27.0,5.0,20.0,0.0,-2.3025850929940455
76.0,3.0,2.0,2.0,6.0,0.0,36.0,4.0,20.0,0.0,4.33204826486764
20.0,7.0,3.0,2.0,6.0,2.0,45.0,5.0,20.0,0.0,3.0007198150650303
0.0,5.0,4.0,6.0,5.0,2.0,51.0,3.0,20.0,0.0,-2.3025850929940455
0.0,0.0,6.0,2.0,3.0,5.0,36.0,4.0,20.0,1.0,-2.3025850929940455
0.0,7.0,6.0,4.0,6.0,4.0,47.0,7.0,20.0,1.0,-2.3025850929940455
470.0,4.0,4.0,4.0,6.0,1.0,42.0,6.0,20.0,0.0,6.152945438030085
9.0,6.0,6.0,1.0,5.0,6.0,70.0,6.0,20.0,1.0,2.2082744135228043
0.0,0.0,3.0,3.0,6.0,3.0,40.0,4.0,20.0,0.0,-2.3025850929940455
0.0,7.0,2.0,5.0,7.0,0.0,38.0,3.0,20.0,0.0,-2.3025850929940455
8.0,0.0,5.0,1.0,6.0,4.0,29.0,3.0,20.0,1.0,2.0918640616783932
1.0,0.0,4.0,2.0,5.0,6.0,58.0,3.0,20.0,1.0,0.09531017980432493
1.0,7.0,4.0,6.0,1.0,2.0,28.0,3.0,20.0,0.0,0.09531017980432493
7.0,1.0,6.0,3.0,6.0,5.0,30.0,4.0,20.0,1.0,1.9600947840472698
0.0,3.0,4.0,3.0,6.0,2.0,48.0,5.0,20.0,0.0,-2.3025850929940455
170.0,0.0,6.0,2.0,6.0,6.0,35.0,4.0,20.0,1.0,5.136386499401816
270.0,3.0,6.0,7.0,6.0,0.0,38.0,3.0,20.0,0.0,5.59879226079857
0.0,0.0,4.0,2.0,5.0,4.0,56.0,7.0,20.0,1.0,-2.3025850929940455
13.0,4.0,5.0,3.0,6.0,5.0,62.0,4.0,20.0,1.0,2.5726122302071057
10.0,7.0,6.0,1.0,6.0,5.0,56.0,4.0,20.0,1.0,2.312535423847214
22.0,0.0,6.0,2.0,5.0,6.0,32.0,3.0,20.0,1.0,3.095577608523707
640.0,5.0,4.0,5.0,7.0,1.0,50.0,5.0,20.0,0.0,6.461624414147958
900.0,3.0,3.0,4.0,6.0,1.0,45.0,6.0,20.0,0.0,6.802505868263039
22.0,7.0,3.0,3.0,4.0,0.0,36.0,6.0,20.0,0.0,3.095577608523707
62.0,1.0,6.0,2.0,6.0,6.0,49.0,4.0,20.0,1.0,4.128745988939433
110.0,2.0,7.0,1.0,6.0,6.0,31.0,6.0,20.0,1.0,4.701389043728634
84.0,4.0,2.0,3.0,6.0,2.0,33.0,7.0,20.0,0.0,4.432006566978902
0.0,1.0,6.0,2.0,6.0,6.0,35.0,4.0,20.0,1.0,-2.3025850929940455
13.0,2.0,4.0,2.0,5.0,4.0,73.0,4.0,20.0,1.0,2.5726122302071057
20.0,7.0,6.0,1.0,5.0,6.0,54.0,5.0,20.0,1.0,3.0007198150650303
0.0,3.0,4.0,2.0,7.0,1.0,48.0,3.0,20.0,0.0,-2.3025850929940455
16.0,3.0,6.0,2.0,6.0,4.0,65.0,4.0,20.0,1.0,2.7788192719904172
6.0,7.0,5.0,6.0,5.0,6.0,46.0,4.0,20.0,0.0,1.8082887711792655
12.0,0.0,2.0,2.0,6.0,0.0,45.0,7.0,20.0,0.0,2.4932054526026954
0.0,7.0,6.0,2.0,5.0,6.0,65.0,7.0,20.0,1.0,-2.3025850929940455
0.0,0.0,6.0,2.0,6.0,6.0,45.0,6.0,20.0,1.0,-2.3025850929940455
170.0,7.0,4.0,1.0,5.0,4.0,89.0,7.0,20.0,1.0,5.136386499401816
100.0,0.0,5.0,3.0,6.0,4.0,32.0,4.0,20.0,0.0,4.6061696863211745
5.0,4.0,6.0,4.0,4.0,1.0,38.0,4.0,20.0,0.0,1.62924053973028
3500.0,5.0,2.0,4.0,2.0,5.0,33.0,4.0,20.0,1.0,8.16054681849792
71.0,4.0,6.0,2.0,5.0,6.0,49.0,7.0,20.0,1.0,4.264087336809195
4.0,7.0,5.0,2.0,6.0,5.0,64.0,6.0,20.0,1.0,1.410986973710262
7300.0,5.0,5.0,4.0,7.0,1.0,55.0,4.0,20.0,0.0,8.895643325672793
7.0,0.0,3.0,3.0,5.0,1.0,56.0,7.0,20.0,0.0,1.9600947840472698
290.0,4.0,4.0,5.0,3.0,5.0,30.0,6.0,20.0,0.0,5.670225691127358
0.0,0.0,5.0,4.0,6.0,5.0,41.0,7.0,20.0,1.0,-2.3025850929940455
0.0,1.0,6.0,2.0,5.0,6.0,39.0,5.0,20.0,1.0,-2.3025850929940455
520.0,7.0,4.0,4.0,6.0,4.0,34.0,3.0,20.0,0.0,6.254021100779027
430.0,5.0,4.0,5.0,7.0,1.0,53.0,3.0,20.0,0.0,6.064017739789691
9.0,2.0,3.0,3.0,6.0,2.0,40.0,6.0,20.0,0.0,2.2082744135228043
40.0,0.0,3.0,3.0,6.0,1.0,48.0,6.0,20.0,0.0,3.6913763343125234
2.0,7.0,6.0,5.0,5.0,5.0,59.0,4.0,20.0,0.0,0.7419373447293773
75.0,7.0,6.0,2.0,4.0,4.0,54.0,4.0,20.0,1.0,4.318820558770089
170.0,0.0,3.0,5.0,6.0,1.0,41.0,6.0,20.0,0.0,5.136386499401816
170.0,1.0,2.0,3.0,6.0,0.0,41.0,6.0,20.0,0.0,5.136386499401816
640.0,5.0,5.0,3.0,6.0,4.0,63.0,7.0,20.0,0.0,6.461624414147958
2800.0,1.0,7.0,1.0,6.0,4.0,39.0,3.0,20.0,1.0,7.937410409811269
9.0,3.0,7.0,2.0,5.0,4.0,46.0,3.0,20.0,0.0,2.2082744135228043
150.0,7.0,4.0,3.0,6.0,0.0,55.0,3.0,20.0,0.0,5.011301738639416
0.0,7.0,4.0,1.0,5.0,3.0,42.0,3.0,20.0,1.0,-2.3025850929940455
0.0,7.0,6.0,3.0,6.0,4.0,58.0,2.0,20.0,1.0,-2.3025850929940455
100.0,0.0,3.0,2.0,6.0,2.0,42.0,4.0,20.0,0.0,4.6061696863211745
33.0,7.0,4.0,3.0,4.0,2.0,40.0,6.0,20.0,1.0,3.4995332823830174
310.0,7.0,5.0,2.0,5.0,1.0,56.0,6.0,20.0,1.0,5.736894826106403
53.0,1.0,4.0,5.0,2.0,2.0,37.0,4.0,20.0,0.0,3.9721769282478934
13.0,2.0,3.0,2.0,6.0,2.0,37.0,6.0,20.0,0.0,2.5726122302071057
290.0,6.0,5.0,1.0,5.0,5.0,49.0,6.0,20.0,1.0,5.670225691127358
310.0,7.0,6.0,1.0,6.0,6.0,63.0,4.0,20.0,1.0,5.736894826106403
0.0,7.0,6.0,2.0,5.0,6.0,30.0,7.0,20.0,1.0,-2.3025850929940455
54.0,7.0,4.0,2.0,6.0,4.0,62.0,5.0,20.0,1.0,3.9908341858524357
1600.0,0.0,4.0,3.0,6.0,1.0,30.0,6.0,20.0,0.0,7.377821406274829
14.0,0.0,6.0,3.0,6.0,6.0,34.0,6.0,20.0,1.0,2.6461747973841225
25.0,7.0,6.0,3.0,6.0,5.0,41.0,4.0,20.0,1.0,3.2228678461377385
45.0,0.0,4.0,5.0,4.0,6.0,43.0,3.0,20.0,1.0,3.8088822465086327
20.0,2.0,5.0,2.0,6.0,4.0,33.0,5.0,20.0,0.0,3.0007198150650303
18.0,6.0,4.0,3.0,5.0,5.0,67.0,7.0,20.0,1.0,2.89591193827178
740.0,7.0,5.0,1.0,6.0,0.0,55.0,5.0,20.0,1.0,6.606785312203421
9.0,6.0,2.0,2.0,6.0,0.0,33.0,5.0,20.0,0.0,2.2082744135228043
5.0,0.0,6.0,1.0,5.0,5.0,61.0,4.0,20.0,1.0,1.62924053973028
7300.0,7.0,4.0,1.0,6.0,4.0,45.0,3.0,20.0,0.0,8.895643325672793
81.0,7.0,4.0,3.0,7.0,0.0,34.0,3.0,20.0,0.0,4.395682961121367
190.0,1.0,6.0,2.0,6.0,6.0,35.0,3.0,20.0,1.0,5.247550249494384
51.0,1.0,4.0,4.0,5.0,2.0,50.0,6.0,20.0,0.0,3.933784497209659
7300.0,7.0,3.0,4.0,2.0,0.0,38.0,4.0,20.0,0.0,8.895643325672793
350.0,0.0,6.0,2.0,6.0,5.0,56.0,3.0,20.0,1.0,5.85821882796062
27.0,2.0,4.0,1.0,6.0,5.0,31.0,3.0,20.0,1.0,3.299533727885655
33.0,5.0,6.0,1.0,4.0,5.0,40.0,7.0,20.0,1.0,3.4995332823830174
50.0,4.0,3.0,2.0,6.0,0.0,44.0,3.0,20.0,0.0,3.914021008090819
1.0,7.0,6.0,5.0,2.0,2.0,39.0,4.0,20.0,0.0,0.09531017980432493
11.0,1.0,4.0,3.0,6.0,1.0,45.0,3.0,20.0,0.0,2.4069451083182885
51.0,5.0,3.0,3.0,6.0,0.0,72.0,6.0,20.0,0.0,3.933784497209659
160.0,7.0,2.0,3.0,5.0,1.0,44.0,7.0,20.0,0.0,5.075798620002669
16.0,7.0,1.0,3.0,6.0,0.0,61.0,7.0,21.0,0.0,2.7788192719904172
110.0,6.0,6.0,2.0,6.0,6.0,34.0,7.0,21.0,1.0,4.701389043728634
110.0,4.0,5.0,2.0,5.0,5.0,61.0,6.0,21.0,1.0,4.701389043728634
13.0,6.0,3.0,3.0,7.0,1.0,67.0,4.0,21.0,0.0,2.5726122302071057
220.0,7.0,4.0,1.0,4.0,6.0,38.0,6.0,21.0,1.0,5.394081988532416
470.0,7.0,4.0,2.0,6.0,1.0,50.0,6.0,21.0,0.0,6.152945438030085
22.0,6.0,6.0,1.0,6.0,6.0,62.0,4.0,21.0,1.0,3.095577608523707
9.0,2.0,6.0,3.0,6.0,5.0,36.0,6.0,21.0,1.0,2.2082744135228043
22.0,3.0,6.0,3.0,5.0,4.0,50.0,6.0,21.0,1.0,3.095577608523707
190.0,2.0,4.0,2.0,7.0,1.0,30.0,6.0,21.0,0.0,5.247550249494384
100.0,5.0,6.0,2.0,6.0,6.0,59.0,5.0,21.0,1.0,4.6061696863211745
14.0,7.0,3.0,3.0,6.0,0.0,62.0,6.0,21.0,0.0,2.6461747973841225
0.0,7.0,4.0,3.0,6.0,3.0,40.0,4.0,21.0,0.0,-2.3025850929940455
180.0,1.0,6.0,1.0,6.0,6.0,30.0,4.0,21.0,1.0,5.19351225218191
3.0,6.0,3.0,2.0,6.0,2.0,47.0,3.0,21.0,0.0,1.1314021114911006
51.0,2.0,5.0,2.0,6.0,1.0,41.0,6.0,21.0,0.0,3.933784497209659
9.0,2.0,6.0,1.0,6.0,6.0,35.0,7.0,21.0,1.0,2.2082744135228043
0.0,7.0,5.0,2.0,6.0,6.0,45.0,4.0,21.0,1.0,-2.3025850929940455
0.0,2.0,4.0,2.0,6.0,4.0,34.0,6.0,21.0,1.0,-2.3025850929940455
71.0,2.0,5.0,7.0,2.0,2.0,55.0,3.0,21.0,0.0,4.264087336809195
290.0,1.0,5.0,3.0,6.0,2.0,37.0,4.0,21.0,0.0,5.670225691127358
45.0,3.0,5.0,2.0,4.0,4.0,61.0,7.0,21.0,1.0,3.8088822465086327
0.0,3.0,4.0,5.0,4.0,1.0,62.0,2.0,21.0,0.0,-2.3025850929940455
26.0,1.0,5.0,2.0,6.0,6.0,54.0,6.0,21.0,1.0,3.261935314328648
87.0,3.0,2.0,3.0,6.0,1.0,33.0,6.0,21.0,0.0,4.467056883858457
0.0,0.0,2.0,3.0,6.0,1.0,50.0,6.0,21.0,0.0,-2.3025850929940455
630.0,0.0,3.0,4.0,7.0,2.0,37.0,3.0,21.0,0.0,6.44587853694801
50.0,5.0,5.0,3.0,6.0,3.0,44.0,3.0,21.0,1.0,3.914021008090819
35.0,7.0,4.0,3.0,4.0,3.0,78.0,3.0,21.0,0.0,3.55820113047182
180.0,7.0,6.0,2.0,4.0,6.0,56.0,3.0,21.0,0.0,5.19351225218191
32.0,0.0,2.0,3.0,4.0,2.0,29.0,6.0,21.0,0.0,3.4688560301359703
0.0,7.0,3.0,2.0,5.0,4.0,52.0,6.0,21.0,0.0,-2.3025850929940455
51.0,1.0,6.0,4.0,5.0,1.0,31.0,3.0,21.0,0.0,3.933784497209659
40.0,0.0,6.0,3.0,6.0,6.0,34.0,7.0,21.0,1.0,3.6913763343125234
0.0,2.0,5.0,3.0,6.0,5.0,31.0,7.0,21.0,1.0,-2.3025850929940455
0.0,7.0,4.0,3.0,5.0,2.0,43.0,6.0,21.0,0.0,-2.3025850929940455
0.0,1.0,4.0,4.0,3.0,5.0,31.0,3.0,21.0,1.0,-2.3025850929940455
1.0,6.0,6.0,1.0,6.0,6.0,63.0,7.0,21.0,1.0,0.09531017980432493
7.0,2.0,2.0,3.0,7.0,4.0,38.0,4.0,21.0,0.0,1.9600947840472698
0.0,2.0,6.0,2.0,6.0,6.0,31.0,5.0,21.0,1.0,-2.3025850929940455
71.0,2.0,2.0,1.0,7.0,0.0,64.0,3.0,21.0,0.0,4.264087336809195
75.0,2.0,3.0,2.0,5.0,5.0,55.0,7.0,21.0,0.0,4.318820558770089
55.0,1.0,2.0,2.0,6.0,0.0,41.0,3.0,21.0,0.0,4.009149716158869
290.0,4.0,3.0,4.0,5.0,5.0,38.0,4.0,21.0,1.0,5.670225691127358
88.0,4.0,6.0,3.0,6.0,5.0,28.0,6.0,21.0,1.0,4.478472532942134
0.0,7.0,4.0,3.0,5.0,5.0,42.0,5.0,21.0,1.0,-2.3025850929940455
16.0,7.0,2.0,4.0,3.0,1.0,43.0,4.0,21.0,0.0,2.7788192719904172
75.0,1.0,5.0,1.0,6.0,5.0,37.0,4.0,21.0,1.0,4.318820558770089
220.0,1.0,4.0,2.0,6.0,3.0,47.0,5.0,21.0,0.0,5.394081988532416
3.0,5.0,5.0,1.0,6.0,5.0,52.0,7.0,21.0,1.0,1.1314021114911006
130.0,0.0,5.0,2.0,6.0,5.0,32.0,4.0,21.0,1.0,4.86830338551846
0.0,5.0,4.0,4.0,3.0,2.0,29.0,3.0,21.0,0.0,-2.3025850929940455
110.0,2.0,6.0,2.0,5.0,4.0,56.0,3.0,21.0,1.0,4.701389043728634
12.0,7.0,4.0,3.0,5.0,5.0,63.0,7.0,21.0,1.0,2.4932054526026954
180.0,3.0,3.0,3.0,6.0,1.0,35.0,5.0,21.0,0.0,5.19351225218191
93.0,7.0,4.0,3.0,5.0,3.0,36.0,4.0,21.0,1.0,4.533674184283021
170.0,7.0,4.0,2.0,7.0,0.0,75.0,5.0,21.0,0.0,5.136386499401816
31.0,5.0,3.0,3.0,6.0,1.0,48.0,6.0,21.0,0.0,3.4372078191851885
62.0,4.0,7.0,2.0,6.0,6.0,36.0,5.0,21.0,1.0,4.128745988939433
30.0,4.0,4.0,3.0,6.0,2.0,34.0,6.0,21.0,0.0,3.40452517175483
66.0,7.0,4.0,3.0,7.0,1.0,35.0,5.0,21.0,0.0,4.191168746857641
3.0,3.0,5.0,2.0,5.0,6.0,50.0,4.0,21.0,1.0,1.1314021114911006
18.0,3.0,5.0,2.0,5.0,6.0,39.0,7.0,21.0,1.0,2.89591193827178
350.0,5.0,5.0,4.0,6.0,5.0,70.0,7.0,21.0,1.0,5.85821882796062
71.0,7.0,4.0,2.0,5.0,6.0,76.0,3.0,21.0,1.0,4.264087336809195
3500.0,5.0,5.0,2.0,5.0,5.0,35.0,6.0,21.0,1.0,8.16054681849792
0.0,0.0,3.0,4.0,3.0,3.0,53.0,7.0,21.0,1.0,-2.3025850929940455
360.0,6.0,5.0,2.0,6.0,4.0,46.0,6.0,21.0,1.0,5.88638177065483
81.0,2.0,5.0,2.0,5.0,4.0,34.0,4.0,21.0,1.0,4.395682961121367
350.0,5.0,4.0,4.0,6.0,5.0,69.0,4.0,21.0,0.0,5.85821882796062
190.0,1.0,5.0,2.0,5.0,1.0,32.0,3.0,21.0,0.0,5.247550249494384
0.0,7.0,5.0,1.0,6.0,6.0,50.0,2.0,21.0,1.0,-2.3025850929940455
290.0,1.0,5.0,3.0,6.0,6.0,35.0,6.0,21.0,1.0,5.670225691127358
18.0,0.0,6.0,1.0,6.0,6.0,67.0,5.0,21.0,1.0,2.89591193827178
11.0,3.0,5.0,5.0,6.0,5.0,47.0,3.0,21.0,0.0,2.4069451083182885
2.0,2.0,6.0,3.0,5.0,4.0,50.0,6.0,21.0,1.0,0.7419373447293773
570.0,0.0,6.0,2.0,6.0,4.0,32.0,3.0,21.0,1.0,6.3458117840375365
310.0,3.0,5.0,4.0,6.0,2.0,58.0,5.0,21.0,0.0,5.736894826106403
1.0,7.0,3.0,2.0,7.0,0.0,49.0,7.0,21.0,0.0,0.09531017980432493
0.0,2.0,6.0,3.0,6.0,1.0,43.0,4.0,21.0,1.0,-2.3025850929940455
35.0,1.0,5.0,2.0,6.0,5.0,24.0,6.0,21.0,1.0,3.55820113047182
22.0,7.0,5.0,3.0,4.0,2.0,58.0,7.0,21.0,0.0,3.095577608523707
2.0,1.0,2.0,2.0,5.0,0.0,43.0,4.0,21.0,0.0,0.7419373447293773
0.0,7.0,4.0,3.0,6.0,5.0,59.0,3.0,21.0,1.0,-2.3025850929940455
0.0,3.0,6.0,1.0,6.0,6.0,40.0,5.0,21.0,1.0,-2.3025850929940455
310.0,0.0,5.0,2.0,7.0,0.0,35.0,4.0,21.0,0.0,5.736894826106403
470.0,5.0,2.0,3.0,5.0,1.0,48.0,4.0,21.0,0.0,6.152945438030085
0.0,4.0,6.0,1.0,6.0,6.0,40.0,3.0,21.0,1.0,-2.3025850929940455
270.0,3.0,3.0,2.0,7.0,0.0,48.0,3.0,21.0,0.0,5.59879226079857
110.0,0.0,2.0,4.0,6.0,0.0,47.0,7.0,21.0,0.0,4.701389043728634
50.0,3.0,6.0,4.0,1.0,1.0,23.0,3.0,21.0,0.0,3.914021008090819
0.0,0.0,6.0,1.0,6.0,6.0,38.0,3.0,21.0,1.0,-2.3025850929940455
3.0,7.0,6.0,2.0,6.0,6.0,81.0,7.0,21.0,1.0,1.1314021114911006
31.0,5.0,3.0,3.0,6.0,1.0,48.0,6.0,21.0,0.0,3.4372078191851885
22.0,7.0,5.0,6.0,2.0,4.0,52.0,3.0,21.0,0.0,3.095577608523707
83.0,2.0,4.0,1.0,6.0,3.0,24.0,6.0,21.0,1.0,4.420044701861403
9.0,0.0,4.0,2.0,6.0,1.0,21.0,5.0,21.0,0.0,2.2082744135228043
5.0,7.0,5.0,2.0,6.0,5.0,70.0,6.0,21.0,1.0,1.62924053973028
0.0,7.0,7.0,1.0,7.0,6.0,24.0,6.0,21.0,1.0,-2.3025850929940455
0.0,7.0,4.0,3.0,5.0,1.0,57.0,7.0,21.0,0.0,-2.3025850929940455
0.0,6.0,3.0,5.0,6.0,4.0,37.0,6.0,21.0,0.0,-2.3025850929940455
27.0,1.0,3.0,5.0,3.0,5.0,25.0,5.0,21.0,0.0,3.299533727885655
110.0,1.0,6.0,5.0,1.0,1.0,33.0,3.0,21.0,0.0,4.701389043728634
0.0,7.0,4.0,6.0,3.0,0.0,45.0,3.0,22.0,0.0,-2.3025850929940455
0.0,3.0,5.0,2.0,7.0,5.0,42.0,6.0,22.0,0.0,-2.3025850929940455
350.0,3.0,3.0,3.0,6.0,2.0,47.0,6.0,22.0,0.0,5.85821882796062
0.0,7.0,6.0,1.0,6.0,6.0,51.0,7.0,22.0,1.0,-2.3025850929940455
5.0,7.0,5.0,4.0,6.0,5.0,85.0,2.0,22.0,0.0,1.62924053973028
15.0,4.0,3.0,3.0,6.0,2.0,32.0,7.0,22.0,0.0,2.714694743820879
35.0,7.0,3.0,3.0,6.0,2.0,31.0,7.0,22.0,0.0,3.55820113047182
0.0,2.0,4.0,3.0,6.0,2.0,23.0,6.0,22.0,0.0,-2.3025850929940455
75.0,3.0,3.0,3.0,6.0,0.0,42.0,6.0,22.0,0.0,4.318820558770089
0.0,5.0,6.0,2.0,5.0,5.0,55.0,6.0,22.0,1.0,-2.3025850929940455
16.0,7.0,6.0,2.0,6.0,6.0,45.0,6.0,22.0,1.0,2.7788192719904172
0.0,1.0,6.0,2.0,5.0,6.0,35.0,7.0,22.0,1.0,-2.3025850929940455
0.0,0.0,2.0,4.0,6.0,0.0,45.0,6.0,22.0,0.0,-2.3025850929940455
0.0,0.0,3.0,3.0,5.0,2.0,42.0,3.0,22.0,0.0,-2.3025850929940455
4.0,1.0,6.0,2.0,6.0,5.0,37.0,4.0,22.0,1.0,1.410986973710262
62.0,0.0,4.0,4.0,4.0,5.0,38.0,3.0,22.0,1.0,4.128745988939433
0.0,3.0,2.0,2.0,6.0,1.0,47.0,7.0,22.0,0.0,-2.3025850929940455
4.0,7.0,4.0,2.0,6.0,2.0,32.0,6.0,22.0,0.0,1.410986973710262
56.0,2.0,5.0,2.0,6.0,5.0,35.0,6.0,22.0,1.0,4.027135812528651
2.0,6.0,4.0,2.0,6.0,5.0,38.0,4.0,22.0,1.0,0.7419373447293773
0.0,0.0,4.0,4.0,4.0,3.0,40.0,3.0,22.0,0.0,-2.3025850929940455
75.0,7.0,6.0,2.0,5.0,6.0,62.0,6.0,22.0,1.0,4.318820558770089
10.0,2.0,2.0,2.0,6.0,1.0,28.0,7.0,22.0,0.0,2.312535423847214
0.0,6.0,6.0,2.0,5.0,6.0,59.0,5.0,22.0,1.0,-2.3025850929940455
0.0,2.0,1.0,2.0,6.0,0.0,25.0,6.0,22.0,0.0,-2.3025850929940455
220.0,2.0,4.0,2.0,6.0,6.0,31.0,6.0,22.0,1.0,5.394081988532416
0.0,1.0,7.0,2.0,6.0,6.0,45.0,4.0,22.0,1.0,-2.3025850929940455
75.0,0.0,5.0,2.0,7.0,5.0,42.0,6.0,22.0,0.0,4.318820558770089
0.0,3.0,2.0,2.0,5.0,1.0,56.0,7.0,22.0,0.0,-2.3025850929940455
140.0,5.0,3.0,3.0,6.0,1.0,47.0,7.0,22.0,0.0,4.942356453342962
290.0,1.0,6.0,2.0,5.0,5.0,38.0,6.0,22.0,1.0,5.670225691127358
350.0,7.0,4.0,3.0,7.0,2.0,47.0,6.0,22.0,0.0,5.85821882796062
55.0,1.0,5.0,2.0,6.0,6.0,49.0,4.0,22.0,1.0,4.009149716158869
31.0,3.0,3.0,3.0,6.0,2.0,29.0,7.0,22.0,0.0,3.4372078191851885
17.0,7.0,2.0,2.0,6.0,0.0,57.0,6.0,22.0,0.0,2.8390784635086144
51.0,4.0,6.0,3.0,5.0,6.0,68.0,3.0,22.0,1.0,3.933784497209659
140.0,7.0,2.0,2.0,4.0,0.0,76.0,6.0,22.0,0.0,4.942356453342962
9.0,4.0,6.0,2.0,6.0,5.0,66.0,6.0,22.0,1.0,2.2082744135228043
0.0,7.0,5.0,1.0,6.0,4.0,59.0,4.0,22.0,1.0,-2.3025850929940455
640.0,7.0,5.0,3.0,6.0,4.0,37.0,7.0,22.0,0.0,6.461624414147958
32.0,2.0,5.0,2.0,6.0,6.0,38.0,6.0,22.0,1.0,3.4688560301359703
5.0,7.0,6.0,2.0,6.0,5.0,47.0,7.0,22.0,1.0,1.62924053973028
8.0,1.0,5.0,2.0,4.0,5.0,36.0,7.0,22.0,1.0,2.0918640616783932
18.0,0.0,5.0,4.0,6.0,0.0,45.0,7.0,22.0,0.0,2.89591193827178
0.0,6.0,5.0,2.0,6.0,5.0,39.0,7.0,22.0,1.0,-2.3025850929940455
0.0,1.0,3.0,2.0,6.0,1.0,34.0,6.0,22.0,0.0,-2.3025850929940455
0.0,3.0,6.0,6.0,4.0,0.0,49.0,4.0,22.0,0.0,-2.3025850929940455
31.0,2.0,6.0,2.0,6.0,5.0,36.0,6.0,22.0,1.0,3.4372078191851885
350.0,7.0,6.0,1.0,6.0,6.0,81.0,5.0,22.0,1.0,5.85821882796062
20.0,1.0,5.0,2.0,6.0,4.0,29.0,4.0,22.0,1.0,3.0007198150650303
70.0,3.0,5.0,3.0,4.0,0.0,45.0,6.0,22.0,0.0,4.249922794040544
31.0,3.0,5.0,2.0,6.0,5.0,21.0,4.0,22.0,1.0,3.4372078191851885
3.0,7.0,2.0,4.0,3.0,6.0,33.0,6.0,22.0,1.0,1.1314021114911006
9.0,7.0,4.0,4.0,2.0,2.0,44.0,3.0,23.0,0.0,2.2082744135228043
59.0,1.0,2.0,2.0,6.0,4.0,52.0,7.0,23.0,0.0,4.079230924412053
27.0,2.0,3.0,5.0,7.0,1.0,38.0,4.0,23.0,0.0,3.299533727885655
51.0,4.0,2.0,3.0,6.0,2.0,44.0,5.0,23.0,0.0,3.933784497209659
9.0,7.0,6.0,2.0,6.0,6.0,87.0,7.0,23.0,1.0,2.2082744135228043
0.0,2.0,7.0,2.0,6.0,5.0,22.0,3.0,23.0,1.0,-2.3025850929940455
88.0,0.0,3.0,3.0,5.0,2.0,32.0,6.0,23.0,1.0,4.478472532942134
67.0,0.0,4.0,5.0,6.0,4.0,69.0,3.0,23.0,0.0,4.206184043977636
29.0,2.0,6.0,2.0,5.0,6.0,49.0,6.0,23.0,1.0,3.370738174177447
5.0,0.0,6.0,2.0,6.0,6.0,53.0,3.0,23.0,1.0,1.62924053973028
0.0,0.0,6.0,1.0,6.0,5.0,44.0,6.0,23.0,1.0,-2.3025850929940455
900.0,1.0,6.0,2.0,7.0,5.0,34.0,6.0,23.0,1.0,6.802505868263039
18.0,1.0,6.0,1.0,5.0,5.0,55.0,7.0,23.0,1.0,2.89591193827178
190.0,2.0,3.0,3.0,6.0,0.0,35.0,6.0,23.0,0.0,5.247550249494384
2.0,7.0,4.0,5.0,5.0,3.0,55.0,3.0,23.0,0.0,0.7419373447293773
5.0,3.0,6.0,3.0,5.0,5.0,27.0,6.0,23.0,1.0,1.62924053973028
56.0,3.0,4.0,4.0,5.0,1.0,26.0,6.0,23.0,0.0,4.027135812528651
75.0,7.0,4.0,2.0,6.0,5.0,54.0,6.0,23.0,0.0,4.318820558770089
56.0,0.0,5.0,2.0,6.0,5.0,42.0,4.0,23.0,1.0,4.027135812528651
0.0,5.0,6.0,1.0,6.0,6.0,57.0,7.0,23.0,1.0,-2.3025850929940455
0.0,0.0,7.0,1.0,4.0,6.0,54.0,6.0,23.0,1.0,-2.3025850929940455
75.0,6.0,6.0,3.0,6.0,6.0,55.0,6.0,23.0,1.0,4.318820558770089
1600.0,7.0,5.0,3.0,6.0,6.0,50.0,7.0,23.0,1.0,7.377821406274829
15.0,0.0,5.0,5.0,6.0,1.0,57.0,7.0,23.0,0.0,2.714694743820879
19.0,3.0,5.0,3.0,7.0,3.0,46.0,4.0,23.0,0.0,2.9496883350525844
16.0,7.0,6.0,2.0,6.0,6.0,53.0,6.0,23.0,1.0,2.7788192719904172
42.0,2.0,3.0,3.0,5.0,0.0,32.0,7.0,23.0,0.0,3.7400477406883357
18.0,5.0,5.0,2.0,5.0,3.0,53.0,5.0,23.0,1.0,2.89591193827178
0.0,3.0,3.0,3.0,6.0,1.0,39.0,6.0,23.0,0.0,-2.3025850929940455
310.0,1.0,5.0,2.0,5.0,4.0,47.0,6.0,23.0,1.0,5.736894826106403
1600.0,7.0,5.0,2.0,4.0,2.0,57.0,4.0,23.0,0.0,7.377821406274829
23.0,5.0,6.0,3.0,6.0,6.0,49.0,6.0,23.0,1.0,3.139832617527748
20.0,1.0,5.0,4.0,6.0,5.0,31.0,5.0,23.0,0.0,3.0007198150650303
51.0,5.0,5.0,3.0,5.0,5.0,43.0,6.0,23.0,1.0,3.933784497209659
0.0,2.0,5.0,2.0,5.0,4.0,44.0,6.0,23.0,1.0,-2.3025850929940455
0.0,4.0,4.0,3.0,6.0,0.0,39.0,6.0,23.0,0.0,-2.3025850929940455
0.0,2.0,6.0,1.0,6.0,5.0,49.0,4.0,23.0,1.0,-2.3025850929940455
18.0,7.0,5.0,4.0,6.0,4.0,72.0,6.0,23.0,1.0,2.89591193827178
7300.0,7.0,5.0,2.0,6.0,5.0,50.0,6.0,23.0,1.0,8.895643325672793
110.0,1.0,5.0,2.0,6.0,6.0,28.0,4.0,23.0,1.0,4.701389043728634
0.0,0.0,5.0,2.0,7.0,3.0,48.0,7.0,23.0,1.0,-2.3025850929940455
3500.0,1.0,3.0,4.0,7.0,1.0,32.0,6.0,23.0,0.0,8.16054681849792
720.0,7.0,5.0,5.0,5.0,1.0,63.0,4.0,23.0,0.0,6.5793900912548215
9.0,4.0,4.0,5.0,6.0,5.0,36.0,4.0,23.0,1.0,2.2082744135228043
47.0,7.0,6.0,3.0,6.0,6.0,36.0,6.0,23.0,1.0,3.8522730010223722
350.0,7.0,3.0,2.0,7.0,2.0,53.0,3.0,23.0,0.0,5.85821882796062
0.0,5.0,2.0,2.0,6.0,2.0,44.0,7.0,23.0,0.0,-2.3025850929940455
0.0,0.0,4.0,2.0,6.0,6.0,41.0,7.0,24.0,1.0,-2.3025850929940455
83.0,0.0,2.0,3.0,6.0,1.0,56.0,7.0,24.0,0.0,4.420044701861403
1.0,4.0,4.0,4.0,6.0,2.0,63.0,7.0,24.0,0.0,0.09531017980432493
190.0,7.0,2.0,4.0,6.0,0.0,52.0,6.0,24.0,0.0,5.247550249494384
0.0,7.0,3.0,3.0,7.0,2.0,43.0,7.0,24.0,0.0,-2.3025850929940455
12.0,7.0,4.0,3.0,6.0,2.0,40.0,3.0,24.0,0.0,2.4932054526026954
9.0,5.0,5.0,1.0,7.0,4.0,69.0,4.0,24.0,1.0,2.2082744135228043
23.0,7.0,2.0,2.0,6.0,0.0,49.0,7.0,24.0,0.0,3.139832617527748
9.0,1.0,3.0,3.0,6.0,2.0,65.0,7.0,24.0,0.0,2.2082744135228043
18.0,5.0,6.0,1.0,6.0,5.0,53.0,7.0,24.0,1.0,2.89591193827178
0.0,5.0,5.0,3.0,5.0,6.0,50.0,4.0,24.0,1.0,-2.3025850929940455
12.0,3.0,2.0,4.0,6.0,0.0,27.0,5.0,24.0,0.0,2.4932054526026954
0.0,6.0,5.0,3.0,5.0,5.0,44.0,6.0,24.0,1.0,-2.3025850929940455
170.0,2.0,2.0,3.0,5.0,0.0,54.0,7.0,24.0,0.0,5.136386499401816
0.0,7.0,4.0,2.0,6.0,4.0,33.0,5.0,24.0,1.0,-2.3025850929940455
9.0,0.0,4.0,4.0,6.0,3.0,48.0,7.0,24.0,0.0,2.2082744135228043
23.0,3.0,5.0,2.0,6.0,5.0,54.0,5.0,24.0,1.0,3.139832617527748
0.0,0.0,6.0,2.0,5.0,6.0,56.0,3.0,24.0,1.0,-2.3025850929940455
9.0,1.0,2.0,4.0,7.0,2.0,34.0,7.0,24.0,0.0,2.2082744135228043
290.0,7.0,6.0,4.0,7.0,6.0,41.0,6.0,24.0,0.0,5.670225691127358
1.0,0.0,5.0,1.0,5.0,6.0,40.0,6.0,24.0,1.0,0.09531017980432493
350.0,1.0,7.0,2.0,6.0,6.0,55.0,6.0,24.0,1.0,5.85821882796062
20.0,0.0,4.0,3.0,5.0,5.0,38.0,6.0,24.0,1.0,3.0007198150650303
0.0,3.0,6.0,2.0,6.0,6.0,40.0,6.0,24.0,1.0,-2.3025850929940455
23.0,1.0,6.0,1.0,6.0,6.0,46.0,4.0,24.0,1.0,3.139832617527748
150.0,4.0,3.0,3.0,4.0,0.0,26.0,6.0,24.0,0.0,5.011301738639416
31.0,0.0,5.0,2.0,7.0,3.0,49.0,6.0,24.0,0.0,3.4372078191851885
0.0,7.0,4.0,1.0,5.0,6.0,51.0,5.0,24.0,1.0,-2.3025850929940455
9.0,2.0,5.0,2.0,6.0,4.0,46.0,6.0,24.0,0.0,2.2082744135228043
47.0,0.0,3.0,4.0,6.0,2.0,40.0,7.0,24.0,0.0,3.8522730010223722
900.0,0.0,3.0,4.0,7.0,2.0,30.0,5.0,24.0,0.0,6.802505868263039
83.0,3.0,2.0,3.0,6.0,2.0,45.0,5.0,24.0,0.0,4.420044701861403
18.0,7.0,5.0,4.0,6.0,4.0,52.0,7.0,24.0,1.0,2.89591193827178
0.0,0.0,6.0,1.0,5.0,6.0,36.0,6.0,24.0,1.0,-2.3025850929940455
20.0,0.0,4.0,3.0,5.0,3.0,49.0,6.0,24.0,0.0,3.0007198150650303
24.0,7.0,3.0,4.0,5.0,1.0,38.0,7.0,24.0,0.0,3.1822118404966093
18.0,0.0,2.0,4.0,6.0,1.0,51.0,7.0,24.0,0.0,2.89591193827178
9.0,3.0,3.0,2.0,5.0,1.0,47.0,6.0,24.0,0.0,2.2082744135228043
0.0,1.0,6.0,1.0,5.0,6.0,52.0,7.0,24.0,1.0,-2.3025850929940455
9.0,0.0,6.0,2.0,6.0,6.0,33.0,6.0,24.0,1.0,2.2082744135228043
0.0,4.0,4.0,2.0,6.0,6.0,50.0,4.0,24.0,1.0,-2.3025850929940455
18.0,7.0,6.0,2.0,5.0,4.0,48.0,7.0,24.0,1.0,2.89591193827178
19.0,3.0,2.0,2.0,6.0,0.0,36.0,6.0,24.0,0.0,2.9496883350525844
31.0,3.0,2.0,3.0,6.0,1.0,35.0,7.0,24.0,0.0,3.4372078191851885
3500.0,7.0,7.0,3.0,5.0,4.0,34.0,7.0,24.0,0.0,8.16054681849792
0.0,7.0,2.0,4.0,5.0,2.0,53.0,6.0,24.0,0.0,-2.3025850929940455
33.0,0.0,4.0,3.0,6.0,2.0,33.0,7.0,24.0,0.0,3.4995332823830174
0.0,1.0,6.0,3.0,6.0,6.0,52.0,6.0,24.0,1.0,-2.3025850929940455
18.0,3.0,4.0,3.0,6.0,4.0,44.0,7.0,24.0,0.0,2.89591193827178
0.0,0.0,3.0,4.0,4.0,0.0,48.0,6.0,24.0,0.0,-2.3025850929940455
31.0,3.0,5.0,2.0,6.0,5.0,20.0,4.0,24.0,1.0,3.4372078191851885
0.0,5.0,3.0,2.0,4.0,6.0,45.0,6.0,24.0,1.0,-2.3025850929940455
59.0,7.0,4.0,2.0,6.0,2.0,70.0,3.0,24.0,0.0,4.079230924412053
0.0,0.0,3.0,3.0,4.0,2.0,39.0,3.0,24.0,0.0,-2.3025850929940455
7300.0,7.0,3.0,3.0,5.0,1.0,40.0,7.0,24.0,1.0,8.895643325672793
75.0,4.0,5.0,2.0,7.0,5.0,62.0,6.0,24.0,1.0,4.318820558770089
0.0,7.0,5.0,2.0,6.0,4.0,46.0,6.0,24.0,1.0,-2.3025850929940455
27.0,7.0,4.0,4.0,7.0,2.0,46.0,3.0,24.0,0.0,3.299533727885655
1600.0,7.0,4.0,2.0,5.0,6.0,56.0,7.0,24.0,1.0,7.377821406274829
0.0,7.0,6.0,3.0,6.0,6.0,55.0,7.0,24.0,1.0,-2.3025850929940455
0.0,7.0,6.0,2.0,6.0,6.0,41.0,4.0,24.0,1.0,-2.3025850929940455
7300.0,1.0,2.0,3.0,6.0,0.0,43.0,7.0,24.0,0.0,8.895643325672793
16.0,7.0,7.0,1.0,7.0,6.0,34.0,3.0,24.0,1.0,2.7788192719904172
0.0,7.0,7.0,1.0,6.0,4.0,73.0,6.0,24.0,1.0,-2.3025850929940455
0.0,7.0,5.0,2.0,6.0,6.0,50.0,6.0,24.0,1.0,-2.3025850929940455
0.0,3.0,6.0,2.0,7.0,5.0,43.0,6.0,24.0,1.0,-2.3025850929940455
0.0,6.0,6.0,2.0,5.0,6.0,46.0,7.0,24.0,1.0,-2.3025850929940455
18.0,7.0,4.0,2.0,6.0,3.0,61.0,7.0,24.0,1.0,2.89591193827178
