AMS_ID,Latitude,Longitude,Elevation,Elevation_flag,Sample_thickness,Sample_density,Shielding_correction,Year_collected,Nuclide,Nuclide_standardization,Nuclide_concentration,Nuclide_uncertainty,Erosion_rate,External_error,Reference,
20SM01ms,34.332222,-118.415000,932,std,0,2.6,1,2020,Be-10,07KNSTD,7.66E+03,1.12E+03,628,99,this study,
20SM02ms,34.251389,-118.249444,1148,std,0,2.6,1,2020,Be-10,07KNSTD,2.76E+03,7.24E+02,2240,602,this study,
20SM03mm,34.236900,-118.225500,1112,std,0,2.6,1,2020,Be-10,07KNSTD,1.00E+04,1.95E+03,535,109,this study,
20SM03ms,34.236900,-118.225500,1112,std,0,2.6,1,2020,Be-10,07KNSTD,6.48E+03,1.74E+03,850,234,this study,
20SM04mg,34.212222,-118.160278,1077,std,0,2.6,1,2020,Be-10,07KNSTD,1.21E+04,2.16E+03,430,81,this study,
20SM04ms,34.212222,-118.160278,1077,std,0,2.6,1,2020,Be-10,07KNSTD,1.45E+04,2.42E+03,359,64,this study,
20SM04pg,34.208900,-118.163630,1077,std,0,2.6,1,2020,Be-10,07KNSTD,8.27E+03,1.39E+03,639,114,this study,
20SM04ps,34.208900,-118.163630,1077,std,0,2.6,1,2020,Be-10,07KNSTD,6.12E+03,1.11E+03,883,168,this study,
20SM05mg,34.194722,-118.102500,1161,std,0,2.6,1,2020,Be-10,07KNSTD,2.32E+04,2.65E+03,240,31,this study,
20SM05ms,34.194722,-118.102500,1161,std,0,2.6,1,2020,Be-10,07KNSTD,1.36E+04,2.18E+03,404,69,this study,
20SM05pg,34.192222,-118.105556,1161,std,0,2.6,1,2020,Be-10,07KNSTD,1.07E+04,1.14E+03,515,63,this study,
20SM05ps,34.192222,-118.105556,1161,std,0,2.6,1,2020,Be-10,07KNSTD,1.09E+04,1.62E+03,505,81,this study,
20SM06ms,34.178611,-118.041667,964,std,0,2.6,1,2020,Be-10,07KNSTD,9.74E+03,1.48E+03,495,81,this study,
20SM07ms,34.157222,-117.935833,778,std,0,2.6,1,2020,Be-10,07KNSTD,1.45E+04,1.56E+03,294,36,this study,
20SM08ms,34.152778,-117.775278,707,std,0,2.6,1,2020,Be-10,07KNSTD,1.28E+04,1.28E+03,318,37,this study,
20SM09bms,34.171389,-117.594444,1082,std,0,2.6,1,2020,Be-10,07KNSTD,2.26E+04,3.82E+03,234,42,this study,
20SM09mg,34.170000,-117.594444,1082,std,0,2.6,1,2020,Be-10,07KNSTD,1.34E+04,1.60E+03,389,52,this study,
20SM10mg,34.174722,-117.521667,1336,std,0,2.6,1,2020,Be-10,07KNSTD,1.34E+04,1.60E+03,460,61,this study,
20SM10ms,34.174722,-117.521667,1336,std,0,2.6,1,2020,Be-10,07KNSTD,1.61E+04,2.13E+03,383,56,this study,
20SM10pg,34.173056,-117.521667,1336,std,0,2.6,1,2020,Be-10,07KNSTD,1.09E+04,1.71E+03,571,96,this study,
20SM10ps,34.173056,-117.521667,1336,std,0,2.6,1,2020,Be-10,07KNSTD,1.77E+04,1.66E+03,349,39,this study,
20SM11mg,34.181389,-117.453889,843,std,0,2.6,1,2020,Be-10,07KNSTD,1.98E+04,1.57E+03,228,23,this study,
20SM11ms,34.181389,-117.453889,843,std,0,2.6,1,2020,Be-10,07KNSTD,2.81E+04,3.14E+03,162,21,this study,
20SM11pg,34.177778,-117.451667,843,std,0,2.6,1,2020,Be-10,07KNSTD,2.89E+04,2.75E+03,158,18,this study,
20SM11ps,34.177778,-117.451667,843,std,0,2.6,1,2020,Be-10,07KNSTD,3.77E+04,2.85E+03,122,12,"DiBiase et al., 2023",
sg_07_004,34.218320,-118.142200,1157,std,0,2.6,1,2020,Be-10,07KNSTD,9.81E+03,1.76E+03,564,107,"DiBiase et al., 2023",
sg_07_005,34.197000,-118.101630,1174,std,0,2.6,1,2020,Be-10,07KNSTD,5.78E+03,1.04E+03,1010,192,"DiBiase et al., 2012",
sg_07_006,34.187970,-118.103250,1157,std,0,2.6,1,2020,Be-10,07KNSTD,1.07E+04,1.49E+03,513,78,"DiBiase et al., 2023",
sg_07_007,34.187470,-117.621740,1783,std,0,2.6,1,2020,Be-10,07KNSTD,1.58E+04,2.27E+03,525,82,"DiBiase et al., 2012",
sg_07_047,34.213300,-118.020700,1130,std,0,2.6,1,2020,Be-10,07KNSTD,1.18E+04,2.66E+03,456,106,"DiBiase et al., 2012",
sg_07_048,34.211590,-118.019820,1124,std,0,2.6,1,2020,Be-10,07KNSTD,1.17E+04,2.34E+03,458,96,"DiBiase et al., 2012",
sg_07_049,34.200360,-118.020600,1123,std,0,2.6,1,2020,Be-10,07KNSTD,1.05E+04,2.30E+03,511,116,"DiBiase et al., 2023",
sg_07_051,34.174310,-117.672200,1227,std,0,2.6,1,2020,Be-10,07KNSTD,2.41E+04,3.43E+03,241,37,"Heimsath, 1999",
SG-3,34.201120,-117.780300,916,std,0,2.6,1,2020,Be-10,NIST_30000,1.14E+04,2.26E+03,440,91,"Heimsath, 1999",
SG-4,34.200370,-117.780350,916,std,0,2.6,1,2020,Be-10,NIST_30000,9.87E+03,2.64E+03,509,140,"Heimsath, 1999",
SG-8,34.180610,-117.780770,756,std,0,2.6,1,2020,Be-10,NIST_30000,7.58E+03,1.75E+03,603,144,"Heimsath, 1999",
SG-9,34.202060,-117.768540,925,std,0,2.6,1,2020,Be-10,NIST_30000,1.16E+04,2.11E+03,435,83,"DiBiase et al., 2010",
SG125,34.211600,-118.081000,1326,std,0,2.6,1,2020,Be-10,07KNSTD,1.61E+04,1.32E+03,381,39,"DiBiase et al., 2010",
SG126,34.218340,-118.084000,1369,std,0,2.6,1,2020,Be-10,07KNSTD,1.29E+04,9.00E+02,489,45,"DiBiase et al., 2010",
SG127,34.218500,-118.085000,1419,std,0,2.6,1,2020,Be-10,07KNSTD,1.03E+04,8.70E+02,644,66,"Neely et al., 2019",
SG1601,34.190710,-117.643570,1588,std,0,2.6,1,2020,Be-10,07KNSTD,8.50E+03,1.22E+03,894,139,"Neely et al., 2019",
SG1602,34.191130,-117.621000,1913,std,0,2.6,1,2020,Be-10,07KNSTD,7.91E+03,1.01E+03,1230,173,"Neely et al., 2019",
SG1603,34.191130,-117.621000,1913,std,0,2.6,1,2020,Be-10,07KNSTD,8.63E+03,1.10E+03,1120,157,"Neely et al., 2019",
SG1604,34.191130,-117.621000,1913,std,0,2.6,1,2020,Be-10,07KNSTD,1.07E+04,1.33E+03,875,120,"Neely et al., 2019",
SG1605,34.203780,-117.586470,2034,std,0,2.6,1,2020,Be-10,07KNSTD,4.95E+03,8.12E+02,2270,396,"Neely et al., 2019",
SG1608,34.214340,-117.607220,2181,std,0,2.6,1,2020,Be-10,07KNSTD,1.86E+04,2.05E+03,578,72,"Neely et al., 2019",
SG1609,34.222720,-117.607340,2300,std,0,2.6,1,2020,Be-10,07KNSTD,2.11E+04,1.88E+03,548,59,"DiBiase et al., 2010",
SG162,34.164950,-117.636000,1576,std,0,2.6,1,2020,Be-10,07KNSTD,3.37E+04,4.63E+03,218,33,"DiBiase et al., 2010",
SG163,34.164950,-117.636000,1576,std,0,2.6,1,2020,Be-10,07KNSTD,4.31E+04,2.83E+03,172,15,"Neely et al., 2019",
SG1703,34.204060,-117.631410,2091,std,0,2.6,1,2020,Be-10,07KNSTD,4.75E+04,3.22E+03,217,20,"Neely et al., 2019",
SG1705,34.214360,-117.620360,2266,std,0,2.6,1,2020,Be-10,07KNSTD,3.19E+04,2.69E+03,353,36,"Neely et al., 2019",
SG1706,34.215940,-117.571850,2248,std,0,2.6,1,2020,Be-10,07KNSTD,8.88E+03,9.69E+02,1380,171,"DiBiase et al., 2023",
SGAC08,34.203410,-117.677650,1365,std,0,2.6,1,2020,Be-10,NIST_30000,2.81E+04,1.87E+03,243,22,"DiBiase et al., 2023",
SGAC09,34.198040,-117.677890,1310,std,0,2.6,1,2020,Be-10,NIST_30000,2.01E+04,1.94E+03,324,37,"DiBiase et al., 2023",
SGAC10,34.187590,-117.677410,1258,std,0,2.6,1,2020,Be-10,NIST_30000,2.28E+04,1.27E+03,277,23,"DiBiase et al., 2023",
SGAC11,34.164570,-117.681620,1104,std,0,2.6,1,2020,Be-10,NIST_30000,2.16E+04,2.18E+03,265,31,"DiBiase et al., 2012",
sg_07_008,34.286100,-118.096270,1460,std,0,2.6,1,2020,Be-10,07KNSTD,1.89E+04,1.80E+03,355,40,"DiBiase et al., 2023",
sg_07_010,34.320090,-118.083230,1379,std,0,2.6,1,2020,Be-10,07KNSTD,3.65E+04,5.14E+03,179,27,"DiBiase et al., 2023",
sg_07_039,34.322410,-117.966580,1925,std,0,2.6,1,2020,Be-10,07KNSTD,3.26E+04,1.97E+03,281,24,"DiBiase et al., 2023",
sg_07_050,34.322520,-118.161090,1264,std,0,2.6,1,2020,Be-10,07KNSTD,5.25E+03,3.83E+03,1210,884,"DiBiase et al., 2023",
sg_07_052,34.305090,-117.677970,2437,std,0,2.6,1,2020,Be-10,07KNSTD,5.27E+03,1.52E+03,2850,839,"DiBiase et al., 2023",
sg_08_02,34.302770,-117.879040,1660,std,0,2.6,1,2020,Be-10,07KNSTD,1.22E+04,3.49E+03,637,186,"DiBiase et al., 2023",
sg_08_06,34.243110,-117.579410,2288,std,0,2.6,1,2020,Be-10,07KNSTD,3.25E+04,2.12E+03,351,31,"DiBiase et al., 2023",
sg_08_07,34.252990,-117.567590,2178,std,0,2.6,1,2020,Be-10,07KNSTD,1.70E+04,7.35E+03,636,278,"DiBiase et al., 2023",
sg_08_19,34.292310,-117.974550,1678,std,0,2.6,1,2020,Be-10,07KNSTD,2.90E+04,4.63E+03,269,46,"DiBiase et al., 2023",
SG_09_01,34.290530,-118.095250,1427,std,0,2.6,1,2020,Be-10,07KNSTD,4.49E+04,1.03E+04,152,36,"DiBiase et al., 2023",
sg_139,34.268230,-117.892500,1488,std,0,2.6,1,2020,Be-10,07KNSTD,1.31E+04,2.78E+03,523,115,"DiBiase et al., 2012",
sg_160,34.303410,-117.762230,2096,std,0,2.6,1,2020,Be-10,07KNSTD,1.47E+04,1.77E+03,705,95,"DiBiase et al., 2010",
SG0703,34.308580,-118.102000,1352,std,0,2.6,1,2020,Be-10,07KNSTD,1.25E+04,8.30E+02,501,45,"DiBiase et al., 2010",
SG0740,34.321410,-117.966000,1961,std,0,2.6,1,2020,Be-10,07KNSTD,7.86E+04,4.28E+03,125,10,"DiBiase et al., 2010",
SG0743,34.304280,-117.982000,1737,std,0,2.6,1,2020,Be-10,07KNSTD,4.27E+04,2.89E+03,193,17,"DiBiase et al., 2010",
SG116,34.279310,-118.022000,1513,std,0,2.6,1,2020,Be-10,07KNSTD,2.72E+04,2.54E+03,258,29,"DiBiase et al., 2010",
SG118,34.278170,-118.027000,1522,std,0,2.6,1,2020,Be-10,07KNSTD,2.57E+03,2.25E+03,218,26,"DiBiase et al., 2010",
SG123,34.351930,-118.050000,1751,std,0,2.6,1,2020,Be-10,07KNSTD,9.37E+04,3.95E+03,92,7,"DiBiase et al., 2010",
SG128,34.338080,-118.011000,1791,std,0,2.6,1,2020,Be-10,07KNSTD,2.51E+05,2.07E+04,36,4,"DiBiase et al., 2010",
SG137,34.272970,-117.889000,1536,std,0,2.6,1,2020,Be-10,07KNSTD,1.51E+04,1.40E+03,467,51,"DiBiase et al., 2010",
SG138,34.272170,-117.895000,1409,std,0,2.6,1,2020,Be-10,07KNSTD,1.87E+04,2.75E+03,347,55,"DiBiase et al., 2010",
SG140,34.242720,-117.950000,1079,std,0,2.6,1,2020,Be-10,07KNSTD,3.25E+04,1.99E+03,164,14,"DiBiase et al., 2010",
SG141,34.253920,-117.974000,1534,std,0,2.6,1,2020,Be-10,07KNSTD,3.05E+04,2.38E+03,234,23,"DiBiase et al., 2010",
SG151,34.320440,-117.800000,2275,std,0,2.6,1,2020,Be-10,07KNSTD,3.48E+04,1.03E+04,327,99,"DiBiase et al., 2010",
SG152,34.323220,-117.802000,2312,std,0,2.6,1,2020,Be-10,07KNSTD,1.99E+05,9.52E+03,64,5,"DiBiase et al., 2010",
SG157,34.307230,-117.730000,2034,std,0,2.6,1,2020,Be-10,07KNSTD,1.17E+04,1.57E+03,868,127,"DiBiase et al., 2010",
SG159,34.296720,-117.743000,1964,std,0,2.6,1,2020,Be-10,07KNSTD,1.72E+04,1.67E+03,544,62,"DiBiase et al., 2010",
SG161,34.302280,-117.763000,1980,std,0,2.6,1,2020,Be-10,07KNSTD,1.20E+04,1.69E+03,810,124,"DiBiase et al., 2010",
SG206,34.230000,-117.791000,864,std,0,2.6,1,2020,Be-10,07KNSTD,1.86E+04,5.21E+03,245,70,"DiBiase et al., 2010",
SG207,34.240770,-117.807000,1053,std,0,2.6,1,2020,Be-10,07KNSTD,2.30E+04,2.33E+03,226,27,"DiBiase et al., 2023",
SGAC04,34.249640,-117.633760,2190,std,0,2.6,1,2020,Be-10,NIST_30000,1.24E+04,1.56E+03,984,137,"DiBiase et al., 2023",
SGAC05,34.255500,-117.641510,2357,std,0,2.6,1,2020,Be-10,NIST_30000,2.08E+04,2.15E+03,624,74,"DiBiase et al., 2023",
SGAC06,34.237330,-117.658260,1879,std,0,2.6,1,2020,Be-10,NIST_30000,4.12E+04,4.83E+03,233,31,"DiBiase et al., 2010",
SGB10,34.281680,-118.196000,1109,std,0,2.6,1,2020,Be-10,07KNSTD,2.26E+04,7.60E+02,238,16,"DiBiase et al., 2010",
SGB13,34.296720,-117.743000,1964,std,0,2.6,1,2020,Be-10,07KNSTD,2.82E+04,1.84E+03,331,29,"DiBiase et al., 2010",
SGB4,34.278080,-118.027000,1522,std,0,2.6,1,2020,Be-10,07KNSTD,2.44E+05,2.43E+05,31,31,"DiBiase et al., 2010",
SGB5,34.331260,-118.121000,1362,std,0,2.6,1,2020,Be-10,07KNSTD,5.65E+04,1.09E+04,117,24,"DiBiase et al., 2010",
SGB6,34.328400,-118.250000,1288,std,0,2.6,1,2020,Be-10,07KNSTD,2.94E+04,1.25E+04,208,89,"DiBiase et al., 2010",
SGB7,34.297960,-118.149000,1319,std,0,2.6,1,2020,Be-10,07KNSTD,2.92E+04,4.74E+03,213,37,"DiBiase et al., 2010",
SGB9,34.305420,-118.255000,1153,std,0,2.6,1,2020,Be-10,07KNSTD,1.53E+04,5.60E+02,359,25,"DiBiase et al., 2023",
SGMC01,34.315760,-118.136730,1394,std,0,2.6,1,2020,Be-10,NIST_30000,2.53E+04,2.36E+03,274,30,"DiBiase et al., 2023",
SGMC02,34.328820,-118.119000,1449,std,0,2.6,1,2020,Be-10,NIST_30000,6.38E+04,6.10E+03,118,13,"DiBiase et al., 2023",
SGMC03,34.345990,-118.109500,1469,std,0,2.6,1,2020,Be-10,NIST_30000,7.37E+04,4.71E+03,104,9,"DiBiase et al., 2023",
SGMC04,34.369010,-118.102130,1531,std,0,2.6,1,2020,Be-10,NIST_30000,6.96E+04,4.62E+03,114,10,"DiBiase et al., 2023",
SGMC06,34.385450,-118.099470,1575,std,0,2.6,1,2020,Be-10,NIST_30000,5.75E+04,9.32E+03,141,24,"DiBiase et al., 2023",
SGMC07,34.318180,-118.134020,1374,std,0,2.6,1,2020,Be-10,NIST_30000,2.66E+04,4.53E+03,259,47,"DiBiase et al., 2023",
,,,,,,,,,,,,,,,,
,,,,,,,,,,,,,,,,
,,,,,,,,,,,,,,,,
,,,,,,,,,,,,,,,,
,,,,,,,,,,,,,,,,
,,,,,,,,,,,,,,,,
,,,,,,,,,,,,,,,,
,,,,,,,,,,,,,,,,
,,,,,,,,,,,,,,,,
,,,,,,,,,,,,,,,,
,,,,,,,,,,,,,,,,
,,,,,,,,,,,,,,,,
,,,,,,,,,,,,,,,,
,,,,,,,,,,,,,,,,
,,,,,,,,,,,,,,,,
,,,,,,,,,,,,,,,,
,,,,,,,,,,,,,,,,
,,,,,,,,,,,,,,,,